...1,IRS_audit,year,prices_adj,market_value,income_taxes,pretax_income,gross_income,net_sales_revenue,operating_profit_margin,employees,crnt_total_assets,DS_total_assets,turnover_value,turnover_volume,enterprise_value,total_capital
1,0,2004,13.19,3939.48,NA,NA,NA,NA,NA,NA,NA,NA,NA,452990.9,NA,NA
2,1,2005,10.26,3125.78,NA,NA,NA,NA,NA,NA,NA,NA,NA,765636.1,NA,NA
3,0,2006,14.21,4383.63,NA,NA,NA,NA,NA,NA,NA,NA,NA,605246.6,NA,NA
4,0,2007,26.17,9010.75,NA,NA,NA,NA,NA,NA,NA,NA,NA,792706.7,NA,NA
5,0,2008,5.25,1836.49,2000,1233000,1985000,3188000,41.34,NA,NA,10688000,NA,1074999,NA,6392000
6,0,2009,5.88,2074.34,12000,507000,1524000,2309000,39.63,NA,4347000,9152000,NA,1511931,1431487,6871000
7,0,2010,3.93,3010.61,-2000,-52000,1361000,2270000,28.77,3487,6901000,14912000,NA,1730844,3361967,9653000
8,0,2011,2.7,2083.57,0,-189000,1194000,3078000,5.78,3103,4176000,11975000,NA,2064050,3057118,9239000
9,0,2012,2.87,2218.33,NA,NA,NA,NA,NA,NA,NA,NA,NA,2727999,NA,NA
10,0,2013,2.87,2218.33,NA,NA,NA,NA,NA,NA,NA,NA,NA,NA,NA,NA
11,0,2014,2.87,2218.33,NA,NA,NA,NA,NA,NA,NA,NA,NA,NA,NA,NA
12,0,2015,2.87,2218.33,NA,NA,NA,NA,NA,NA,NA,NA,NA,NA,NA,NA
13,0,2004,17.905,3581.28,65112,68477,657793,2361424,18.91,2644,2118288,7830028,NA,255618.7,6013815,5952134
14,1,2005,23.07,3723.54,43000,16000,447000,2708000,9.23,3682,2197000,7405000,NA,499590.3,6177673,5059000
15,0,2006,28.005,7082.07,325000,820000,1754000,5623000,25.57,3217,3083000,19408000,NA,903055.7,14727342,14553000
16,0,2007,43.21,10312.23,377000,892000,1953000,5989000,25.76,3412,3562000,19274000,NA,681078,17596092,13646000
17,1,2008,20.75,4835.72,713000,1670000,2638000,6885000,33.01,3526,8492000,24808000,NA,1139703,7910542,15067000
18,0,2009,23.94,6138.43,728000,1628000,2811000,8952000,24.72,4607,6208000,23378000,NA,812724.6,10711829,15791000
19,0,2010,19.56,4835.17,277000,709000,1963000,8985000,14.58,4964,7137000,26896000,NA,900743.9,10277236,18368000
20,0,2011,18.25,4196.9,-843000,-681000,1289000,8691000,6.63,5193,7597000,26715000,NA,724854.6,8516654,17663000
21,0,2012,22.59,7280.46,-327000,215000,1675000,8886000,8.41,8792,7956000,33867000,NA,1003507,18844733,26515000
22,0,2013,28.59,9606.22,-282000,-641000,1918000,11295000,8.31,7786,7596000,32700000,NA,864723.2,23381940,26485000
23,0,2014,28.16,9521.14,3000,97000,2566000,15868000,9.03,9806,8582000,39259000,1022870,1002437,26673058,31886000
24,0,2015,11.55,3628.73,1342000,-5130000,2353000,14674000,6.67,10468,7391000,32715000,27200780,1459016,22373017,24748000
25,0,2004,280.338,23071.47,1708000,4155000,5496000,11368000,38.96,7209,4431000,21391000,NA,952317.6,25861012,14248000
26,0,2005,382.545,32063.43,2020000,7133000,8094000,15208000,44.56,8017,6574000,26108000,NA,1498007,32971936,18270000
27,0,2006,468.397,41070.06,3466000,7830000,9154000,17661000,43.8,8886,6006000,32355000,NA,1102859,44092236,22169000
28,1,2007,749.166,64713.32,3507000,8578000,9603000,18784000,42.24,9700,8595000,36519000,NA,1623716,67413772,24624000
29,1,2008,540.627,45644.63,4629000,11371000,13757000,24217000,49.07,10400,7172000,41537000,NA,2309385,49380702,29399000
30,1,2009,787.536,66637.81,1918000,4669000,6625000,15369000,31.6,10100,8086000,44229000,NA,1761796,67310833,31741000
31,1,2010,949.935,80470.31,2995000,7359000,9516000,19043000,40.1,11000,13059000,52432000,NA,1368915,81368166,37595000
32,1,2011,898.999,76080.75,4201000,10459000,12900000,24092000,44.71,11300,11542000,60044000,NA,1317360,77164700,43491000
33,1,2012,723.075,61071.64,3118000,7390000,11423000,24123000,37.89,12300,9492000,64210000,NA,1156739,67375355,47071000
34,1,2013,909.839,76454.69,3755000,9282000,11396000,24561000,36.02,12900,11323000,69443000,NA,1159078,79123733,50311000
35,1,2014,816.765,63360.2,1685000,1224000,8228000,19442000,31.76,11700,13873000,56259000,4861630,1129389,60320577,41797000
36,1,2015,68.162,52079.12,-1330000,-9684000,2214000,12598000,4.77,11100,9402000,43437000,90239220,1227218,54936321,31233000
37,0,2011,NA,NA,0,242671,1042517,14960338,1.99,1578,1946504,3621109,NA,NA,NA,1911769
38,1,2012,27.81,655.42,1275,805312,1777371,20138687,4.56,1612,2307904,4140840,NA,23778.6,2432632,2453525
39,1,2013,30.91,1223.49,16681,230766,1332888,19151455,2.17,1735,2200506,4244574,NA,251978.9,2979609,2450803
40,0,2014,26.34,2201.46,-22412,55859,1030554,19828155,0.02,1714,2346671,4851109,118519.8,413612.9,3521557,2953665
41,0,2015,36.6,3564.61,86725,282258,1412482,13123929,2.49,2270,3022011,5903620,8262077,443380.4,4961201,3936212
42,0,2009,89.337,128.44,-318,-9790,2263,2866,-340.62,NA,34624,538365,NA,31693.1,516904,121721
43,0,2010,90.547,375.33,-683,35072,35700,40121,70.12,0,181587,1797432,NA,69158.4,1402410,382448
44,0,2011,86.173,1301.9,-1106,126326,171614,201634,76.83,0,416932,8100384,NA,590898.8,939098,1270086
45,0,2012,10.19,3234.25,-42219,245197,368145,455046,72.98,0,NA,16813944,NA,1284781,2489743,3450577
46,0,2013,9.17,3341.22,84411,659451,405563,555591,73.58,NA,NA,17173862,NA,1475156,NA,4494726
47,0,2014,10.13,3708.77,-73738,93401,287738,318301,23.64,0,NA,21043462,72924.6,803994.3,16973194,5277705
48,0,2015,8.23,2996.17,-16490,475720,754687,791759,60.15,0,NA,14531454,3378173,683541.1,12659636,5576671
49,0,2007,3.12,117.74,-335,-28095,-4290,0,NA,23,9973,10526,NA,57657.9,120674,10147
50,0,2008,0.31,14.39,195,-19041,-1699,0,NA,33,13615,29131,NA,48124.1,87673,28266
51,0,2009,3.68,209.61,0,-13504,-526,0,NA,28,24496,38612,NA,145226.2,126429,37850
52,0,2010,6.29,438.72,0,-23013,-7233,0,NA,68,21335,47555,NA,163762.3,147265,42036
53,0,2011,2.97,224.46,0,-27358,-12576,0,NA,84,33937,65391,NA,224674.1,216114,59123
54,0,2012,2.45,208.85,-62,-25146,-10569,13757,-178.86,98,27924,85143,NA,155381.3,144893,75920
55,0,2013,1.95,174.91,-11,-21874,-967,9026,-241.63,91,16528,73250,NA,151385.8,191502,63569
56,0,2014,1.68,154.13,-70,-26045,-4853,0,NA,63,11567,64907,8663.3,281288.1,170871,58129
57,0,2015,1.02,101.23,-35,-23397,-1049,3080,-648.9,61,10808,57900,508481.1,292111,140763,49077
58,0,2013,9.36,179.37,273,14726,36636,149496,11.64,120,NA,435282,NA,23354.6,588715,383266
59,0,2014,9.47,236.93,70,12829,31545,170278,7.74,137,NA,590906,3402.7,28571.6,735408,509232
60,1,2015,10.79,319.64,-34,31149,55351,270834,12.41,139,NA,689547,200736.4,31663.1,841976,570667
61,1,2013,6.786,14.33,0,-1527,1405,3578,-50.61,24,3369,6076,NA,799.9,14915,4122
62,1,2014,3.63,17.99,0,-3127,2993,4427,-72.37,31,13060,16651,768.1,6387.7,10049,14807
63,1,2015,1.23,6.4,-269,-9581,928,2115,-435.72,36,6481,8272,20240.7,5567.4,2137,6603
64,1,2011,12.29,1512.19,11929,-1292270,NA,281873,-510.67,548,NA,7399569,NA,105577.9,6461596,5848401
65,0,2012,17.23,2240.32,65410,3003032,NA,3528233,40.81,634,NA,20094650,NA,67346.3,15228569,17547883
66,1,2013,31.27,4493.71,107569,2374213,4219510,4273751,54.57,710,NA,21817782,NA,261862.4,21255723,19862684
67,0,2014,23.42,3818.48,147245,823311,1764860,1809929,42.34,845,NA,22572120,211895.5,317270.3,21797282,21100575
68,0,2015,15.38,2784.55,26733,362373,1137969,1182443,29.72,945,NA,3913601,5229718,262645.8,4640664,3215506
69,1,2011,NA,NA,-47000,-346000,577000,4561000,5.77,15000,1255000,5219000,NA,NA,NA,4132000
70,0,2012,15.98,1801.23,2000,4000,708000,4766000,7.47,15000,1233000,5108000,NA,41422.5,NA,3981000
71,1,2013,23.57,2731.76,28000,85000,707000,4647000,8.61,15000,1337000,5135000,NA,159940.7,6179105,3679000
72,0,2014,31.78,3756.4,4000,67000,666000,4958000,6.98,16000,1432000,5268000,258014.8,240857.8,6719035,3759000
73,1,2015,35.86,4303.2,36000,122000,778000,4881000,8.63,16000,1383000,5028000,12565070,378767.9,7103771,3595000
74,0,2004,47.05,26408.82,712000,2237000,NA,6422000,37.45,19659,NA,94456000,NA,509092.7,47833797,19728000
75,0,2005,37.93,21045.6,659000,2208000,NA,7495000,29.46,21681,NA,105225000,NA,649505.6,42685100,21004000
76,1,2006,40.93,22841.63,443000,1627000,NA,8108000,20.07,21362,NA,100669000,NA,466113.8,36814422,22580000
77,0,2007,25.24,13444.1,461000,1537000,NA,8494000,20.12,22678,NA,110962000,NA,955631.2,32739045,19793000
78,0,2008,7.73,4463.97,-551000,-2664000,NA,8205000,-26.17,22423,NA,119463000,NA,3179741,30102217,22877000
79,0,2009,9.92,7889.53,30000,767000,NA,7298000,-16.79,20998,NA,113354000,NA,7729080,21356913,23189000
80,1,2010,14.77,11761.1,187000,940000,NA,6645000,13.74,20838,NA,111007000,NA,3838995,24789288,23624000
81,0,2011,12.91,11874.34,533000,1831000,NA,6204000,30.88,21334,NA,116967000,NA,3785487,22764907,22925000
82,1,2012,14.99,13453.03,636000,2149000,NA,6130000,35.79,20798,NA,121894000,NA,2743401,25692710,19572000
83,0,2013,20.92,18468.91,772000,2521000,NA,6813000,32.57,19446,NA,130443000,NA,2154351,27177080,24102000
84,0,2014,20.59,16966.3,545000,1980000,NA,6321000,29.2,18351,NA,138706000,1380597,1928053,31735958,29930000
85,0,2015,20.48,16267.89,659000,2302000,NA,6637000,29.7,18261,NA,141082000,39769100,2010440,32104108,27870000
86,1,2011,16.64,11864.92,1330000,3669000,4969000,78638000,4.61,24210,12001000,25745000,NA,1007456,12131530,12797000
87,1,2012,30.555,20727.47,1845000,5212000,6518000,82235000,6.11,25985,13117000,27311000,NA,1688223,19842000,15447000
88,1,2013,44.565,26830.49,1113000,3210000,4971000,100212000,3.38,20185,12737000,28385000,NA,1742042,28738810,14705000
89,1,2014,45.53,25514.34,1280000,3682000,5642000,97928000,3.96,45340,11339000,30460000,535130.3,1681157,30196240,18000000
90,1,2015,52.16,27799.92,1506000,4286000,6934000,72163000,6.88,45440,9471000,43115000,34980900,1057673,44650040,31571000
91,0,2011,16.94,1800.72,740,-9387,169537,758952,0.35,51,NA,3288649,NA,79501.3,2751548,3077465
92,0,2012,19.19,2045.66,1369,42688,214806,854205,5.34,53,NA,3344179,NA,109300.7,3315254,3221562
93,0,2013,24.4,2993.56,879,107622,268042,970380,16.96,53,458828,3715445,NA,192424.1,4227269,3555999
94,0,2014,34.23,4519.19,1145,137272,318558,1109197,18.08,56,341685,4120877,99931.9,181086.9,5903306,3936231
95,0,2015,22.38,2813.74,-39126,152288,322468,1136340,18.03,56,199779,3930233,4958968,291249.8,4385997,3783279
96,0,2010,NA,20.878,NA,NA,NA,NA,NA,NA,NA,NA,NA,NA,NA,NA
97,0,2011,NA,20.878,NA,NA,NA,NA,NA,NA,NA,NA,NA,NA,NA,NA
98,0,2012,NA,20.872,NA,NA,NA,NA,NA,NA,NA,NA,NA,NA,NA,NA
99,0,2013,NA,20.865,NA,NA,NA,NA,NA,NA,NA,NA,NA,NA,NA,NA
100,1,2014,NA,20.865,NA,NA,NA,NA,NA,NA,NA,NA,NA,NA,NA,NA
101,0,2005,10.9,155.94,-3673,-11160,-5177,370859,-5.35,2600,212903,516253,NA,11118.2,195537,205045
102,0,2006,8.622,144.38,-10232,-30820,4478,401214,-7.03,2500,187839,483805,NA,8256,195196,161403
103,0,2007,8,149.92,-1337,-4757,16575,255908,-3.4,2600,186912,485982,NA,11626.9,291927,172843
104,0,2008,1.87,36.15,12296,-96410,18511,268209,-4.59,2500,183742,397319,NA,19818.6,82533,69615
105,1,2009,2.95,57.6,3871,-19588,20265,254804,-6.3,2400,175221,336896,NA,4358.8,55042,58300
106,0,2010,37.599,74.81,-4210,-20739,18829,230099,-4.56,2100,161732,287795,NA,4858.7,48774,42007
107,0,2011,5.95,165.49,1127,-8333,38917,245911,4.45,2300,153414,276060,NA,12716.1,156378,35709
108,0,2012,5.6,161.81,-3930,29288,49766,301780,5.96,2600,154010,275128,NA,7249.6,155673,72370
109,1,2013,7.13,211.34,-17986,18224,49708,325156,5.71,2800,185350,301163,NA,5763.3,185966,108254
110,0,2014,6.31,191.28,8742,20752,51974,372882,5.61,3000,221041,331318,453.1,8362.3,153096,125155
111,0,2015,9.47,292.04,11180,30576,68041,414648,7.41,3700,250360,360014,218107.9,21719.2,268504,147970
112,0,2012,NA,NA,0,-5,0,0,NA,NA,8,8,NA,NA,NA,0
113,0,2014,9.66,108.48,NA,NA,NA,NA,NA,NA,NA,NA,NA,12601.2,NA,NA
114,0,2015,7.35,138.68,NA,-19590,1179,8661,-248.94,100,25201,32198,NA,20596,88001,8944
115,0,2004,25.43,1043.88,13900,35617,188680,213414,16.1,706,183519,209380,NA,112268.1,952875,179635
116,0,2005,41.36,1798.58,18280,48116,270239,306082,14.42,885,275605,309883,NA,156984.7,1594412,250056
117,0,2006,40.4,1807.98,30990,70722,355614,407790,15.02,1090,301473,413651,NA,173823.2,1613383,344700
118,0,2007,3.53,49.13,0,-3773,4205,6730,-39.07,6,47030,56729,NA,20137.1,4460,53256
119,0,2008,0.91,12.87,0,-14705,1975,4055,-163.92,6,6908,43627,NA,6441.5,8527,38460
120,0,2012,NA,NA,0,-893,17,282,-285.93,10,247,254,NA,NA,NA,-1466
121,0,2013,0.335,14.92,0,-2883,795,1558,-180.12,18,2499,6277,NA,6778,16010,5444
122,0,2014,0.4294,29.79,NA,-9751,-1091,523,-1852.45,NA,3274,7073,NA,61312,30634,5916
123,0,2015,0.04,3.27,NA,-7209,-1420,339,-2158.38,NA,1805,5346,NA,29365.3,2707,4455
124,1,2005,8.09,2412.02,34122,90807,298827,1715605,12.47,16722,650383,7536692,NA,258246.2,5871116,5474379
125,0,2006,10.25,3000.72,44845,96349,344668,1747295,14.29,22623,238337,9729389,NA,165264.1,8360448,6943400
126,0,2007,14.06,3918.13,143670,350380,468500,2285303,14.41,20591,421327,8932244,NA,303450.3,8678141,6609067
127,0,2008,4.81,1229.45,65717,163162,418771,2155622,15.4,20771,355510,8039523,NA,441839.3,5571930,5704482
128,0,2009,8.25,2090.42,76275,199368,421184,2053520,15.57,20176,377461,8890981,NA,329586.9,3809397,3323320
129,0,2010,8.28,2023.85,92458,219459,449223,2190552,16.1,20725,381918,9190540,NA,263524.1,3688651,3312328
130,0,2011,10.73,2446.42,79404,225636,478536,2316040,16.18,20891,328093,9320880,NA,228248.5,4161853,3273311
131,0,2012,13.62,2897.07,91548,245683,525227,2410481,16.65,20567,286199,9683078,NA,194494.9,4810450,3279448
132,0,2013,18.08,3832.24,96615,245719,549569,2556382,16.54,25719,393747,12883513,NA,303945.3,7015088,4579926
133,1,2014,23.22,4821.48,225980,402600,675813,2994012,16.4,23662,396856,11904866,63366.1,363107.9,7535390,4341172
134,0,2015,26.46,5199.54,135027,370351,671945,2986380,18.21,23785,308409,11695071,4491844,293845.3,8140260,4261139
135,0,2005,0.16,5.94,0,-847,57,57,-2010.14,14,1352,1354,NA,13816.8,6396,479
136,0,2013,15.51,7665.96,324000,1050000,NA,9428000,16.62,5000,NA,108045000,NA,2099263,12141350,23061000
137,0,2014,8.46,4201.74,-228000,-1276000,NA,9574000,0.64,5300,NA,111358000,170789.8,1885489,8034500,23651000
138,0,2015,3.8,1890.37,-9000,-15000,NA,8575000,5.03,4100,NA,106276000,5484638,1894957,4374540,21008000
139,0,2007,NA,NA,NA,NA,NA,NA,NA,NA,NA,NA,NA,NA,NA,NA
140,0,2008,NA,NA,NA,NA,NA,NA,NA,NA,NA,NA,NA,NA,NA,NA
141,0,2009,NA,88.759,NA,NA,NA,NA,NA,NA,NA,NA,NA,NA,NA,NA
142,1,2010,NA,95.158,NA,NA,NA,NA,NA,NA,NA,NA,NA,NA,NA,NA
143,0,2009,41.83,26454.27,739590,2677736,6841114,23170968,12.49,177000,8990514,11510506,NA,1230811,19552106,3474145
144,0,2010,48.62,31147.26,853910,2914369,7260706,23094078,12.71,204000,9563625,12303062,NA,1114876,20838924,3276168
145,1,2011,53.84,34845.71,958782,3512022,8373241,27352914,12.92,236000,11471183,14975431,NA,1260074,31754695,4350872
146,0,2012,65.66,42684.11,1079241,3904174,8987701,29777985,13.01,257000,12587931,15856650,NA,846944.7,35498300,4624450
147,0,2013,82.51,52557.98,784775,4339294,9384175,30394285,13.38,257000,11844178,15848482,NA,781111.9,43003010,5453429
148,1,2014,90.52,56858.25,1121743,4297701,9684466,31874678,13.44,305000,11904442,16778347,3020833,706676.9,48838339,6311740
149,1,2015,105.32,66131.88,1136741,4410530,9809239,32914424,13.67,358000,11579394,16992039,60352960,625115.6,57410490,6673158
150,0,2005,18,1135.49,0,44145,NA,47833,53.74,2,NA,1733384,NA,84970.3,171408,892886
151,0,2006,22.4,1836.91,0,120387,NA,152827,58.3,NA,NA,2511074,NA,135560.8,866002,1553707
152,0,2007,17.63,2103.26,0,312166,NA,266101,47.05,2,NA,3523218,NA,308804.8,1610265,2342060
153,0,2008,8.2,1166.21,0,-33438,NA,357878,-24.59,2,NA,3724324,NA,386423.7,3124189,3537030
154,0,2009,9.64,1679.47,0,-611879,NA,293564,-208.51,NA,NA,2548639,NA,542985.4,1546617,2453739
155,0,2010,11.12,2168.9,0,263290,NA,-132789,NA,NA,NA,3465116,NA,463049.9,2846952,2833422
156,0,2011,6.48,1276.84,0,180412,NA,206762,87.26,NA,NA,3148813,NA,497624.1,3406704,3014474
157,0,2012,8.28,1679.94,0,-86264,NA,16141,-534.44,NA,NA,2775263,NA,437140.8,2420470,2694568
158,0,2013,8.51,1912.55,0,104471,NA,257321,40.6,NA,NA,2944312,NA,492015.3,2848334,2833456
159,1,2014,7.445,1762.54,0,270872,274839,274839,98.54,NA,NA,3641951,174448.7,661132.9,3326169,3423872
160,0,2015,5.225,1219.52,NA,75422,420263,420263,17.89,NA,NA,3560891,2856316,418712.5,3311983,3011367
161,0,2004,109.667,2317.44,43529,88779,1106474,2365096,9.16,13500,863695,2193598,NA,148832.4,2895727,1167190
162,0,2005,19.73,4333.83,138881,319960,1395038,2910641,12.79,14500,1292947,2729556,NA,345554.6,4727800,1349766
163,0,2006,33.2,7481.28,198326,489717,1853920,4032027,13.64,24000,2212013,5944691,NA,389716.9,9187914,3492694
164,0,2007,21.36,4915.65,192643,527450,2720262,6034249,12.12,29000,2360830,6224701,NA,871953.1,6914578,3244073
165,0,2008,3.84,786.9,50810,-945549,2099279,5128817,6.87,30000,1915533,4681931,NA,1090251,4089047,2632724
166,0,2009,13.8,4040.88,26993,33450,1618462,4165820,5.64,29000,2266725,5036011,NA,1543514,6743015,3156597
167,0,2010,20.74,6696.82,130368,245496,2046765,5115316,9.11,31000,2260870,5111248,NA,1048630,8738522,2917696
168,0,2011,15.16,4971.98,189103,324762,2363701,5905411,9.31,34000,3550047,7219143,NA,1190221,7526102,4028350
169,0,2012,19.39,6383.82,185322,428749,2601940,6514099,10.07,37000,4084550,7809542,NA,803820.9,9197690,4225519
170,0,2013,26.24,8695.76,187187,444563,2805015,7184794,9.75,44000,2879812,6998414,NA,687594.2,10646645,3802896
171,0,2014,35.06,11670.31,263759,675548,3173555,9049918,8.12,52000,3524504,7647105,155735.9,506369.6,13038172,4153814
172,0,2015,35.13,11739.27,320853,716881,3458782,10855810,7.6,70000,5305223,10882691,10372090,479695.7,15421278,5404181
173,0,2008,0.15,1.89,NA,NA,NA,NA,NA,NA,NA,NA,NA,778.9,NA,NA
174,0,2009,0.28,7.21,0,-4532,-32,0,NA,2,0,98,NA,25953.1,7650,-1015
175,0,2010,0.06,5.92,0,-8154,-23,4,-81711.35,2,19,97,NA,219024.9,5261,-1326
176,0,2011,0.0115,2.78,0,-8339,51,74,-4353.55,2,5,61,NA,552700,3206,-2230
177,0,2012,0.051,36.44,1,-16412,-22,37,-15063.57,2,713,1107,NA,2709144,33949,-2169
178,0,2013,0.0327,24.9,0,-5372,-28,83,-4076.54,5,303,577,NA,952527.1,41559,-3519
179,0,2014,0.0524,48.99,NA,-16817,-207,1,-1014799.61,NA,166,1382,NA,3120587,58442,-2573
180,0,2015,0.0153,19.62,NA,-19023,44,44,-30283.7,NA,315,2183,NA,1417913,24560,-2233
181,0,2004,6.7,4412.08,10415,63171,317776,377502,11.32,766,849880,1092680,NA,1650853,4029083,877448
182,0,2005,162.125,10999.14,20556,86535,456014,536941,15.53,944,972837,1215377,NA,2397586,10762093,1035759
183,0,2006,28.765,20275.98,133914,211128,772981,898873,19.43,1287,2311004,2646934,NA,1840126,20073543,2398660
184,1,2007,23.5,18135.42,290536,521457,1275581,1405820,30.24,1685,3084421,3470326,NA,2268596,16112160,2866580
185,0,2008,26.24,24045.7,164828,-1359098,1892547,2254781,12.23,2441,2841366,4267272,NA,2623949,23184598,3513531
186,1,2009,28.06,25792.87,198956,976806,2426630,2726322,30.87,2813,3844804,5229029,NA,2434218,22591557,4415669
187,0,2010,29.865,28111.33,132418,1014538,3068307,3578059,27.65,4182,4343199,10148303,NA,1821205,26468614,7263633
188,1,2011,33.775,29987.5,102066,1422326,4127018,4842103,34.98,4460,4353225,9972514,NA,1856243,28635883,6788312
189,1,2012,38.865,32878.79,225311,1681491,5013090,5506713,37.59,4700,5533665,11685206,NA,1550344,32084741,8465800
190,0,2013,84.465,69610.81,215500,1665400,5890700,6493900,30.49,5100,7550500,13378200,NA,1527924,68280490,9786400
191,0,2014,114.47,91427.63,327500,2327400,7026200,7670400,33.48,6012,9712600,17340100,8221772,1039485,88512672,12790500
192,0,2015,121.27,95276.31,421500,2023500,8556900,9256000,27.6,6971,9400900,27053400,154254900,1295598,101825016,20169400
193,1,2005,318.379,3424.22,120782,314024,1639140,3738320,10.93,21600,914209,3934218,NA,243689.9,5167971,3230277
194,0,2006,30.06,3473.96,106682,280956,1925231,4365576,8.78,39000,1021384,4506579,NA,243339.1,5358952,3653054
195,0,2007,300.353,3488.3,43003,93764,5866511,7127494,6.81,82200,2552898,13493643,NA,302773.2,12856460,11154302
196,1,2008,109.721,1243.25,129479,334174,8822026,10840098,9.07,78334,2605050,13818254,NA,393715.6,10406169,10936046
197,0,2009,303.563,3428.2,141325,409609,9855909,12107613,8.83,79214,2674995,14021472,NA,479943.6,12312358,11228912
198,1,2010,303.151,3408.51,159993,463002,10605532,12986500,8.59,87000,2871193,14698123,NA,495331,12483789,11446231
199,1,2011,139.929,1556.42,137653,424056,11139388,13626168,7.86,88000,2846089,15208840,NA,736293.6,10813834,11642986
200,0,2013,319.284,3683.97,88594,263221,10220902,12997693,6.43,87000,3747963,17117295,NA,443059.2,13233148,12776375
201,0,2014,452.299,6392.43,82000,294000,14596000,18639000,6.56,167000,5566000,27421000,122917.8,551717.4,23311841,21295000
202,0,2015,227.096,3260.81,116000,348000,15217000,19437000,6.43,165000,5166000,26861000,11355680,578468.9,20515453,21498000
203,0,2007,NA,NA,-408,-39385,17014,25333,-151.36,NA,NA,NA,NA,NA,NA,NA
204,0,2008,NA,NA,327,-44800,37290,50478,-83.15,NA,48334,70882,NA,NA,NA,12109
205,0,2009,NA,NA,66,-20223,66730,82908,-20.46,NA,135422,167076,NA,NA,NA,107450
206,0,2010,10.63,423.44,384,-8157,79122,107104,-6.65,291,92192,141300,NA,21782.6,296791,107361
207,0,2011,5.28,189.81,241,-16309,82084,123865,-12.84,347,79232,135922,NA,42907.7,137297,102690
208,0,2012,2.13,79.99,270,-30587,57651,88298,-34.56,154,59769,99965,NA,44043.8,37772,78440
209,0,2013,1.28,48.78,-87,-41390,17368,31922,-126.44,125,35781,58840,NA,34675.7,28556,41483
210,0,2014,2.54,100.46,-256,-19327,25581,35307,-54.13,91,33007,48122,2816.2,36420.1,73212,26311
211,0,2015,4.06,163.65,-338,-7919,35218,41804,-18.59,91,32839,44647,120090.8,29829.2,147378,22879
212,0,2004,495.501,19391.29,522000,1615000,4820000,29853000,7.83,125400,6907000,33333000,NA,341447.7,24088426,22166000
213,0,2005,543.128,21271.92,661000,2044000,5131000,30721000,7.09,123600,7549000,34202000,NA,411085.3,24698647,21059000
214,0,2006,61.416,23384.45,709000,2276000,5488000,30148000,8.14,122200,6725000,31844000,NA,392306.1,26915906,20957000
215,1,2007,719.664,26842.24,883000,2686000,6214000,32018000,9.39,122600,6772000,33308000,NA,455420.4,30009310,21955000
216,0,2008,390.903,14087.92,913000,-368000,6189000,33887000,8.7,123600,7189000,28687000,NA,689195.3,17168650,15363000
217,0,2009,51.564,17833.64,693000,2266000,5625000,33755000,7.36,120700,8635000,29242000,NA,719438.6,18157421,16878000
218,0,2010,588.577,18944.21,557000,2595000,6148000,34757000,9.16,117100,9904000,30809000,NA,560988.2,19908178,17602000
219,0,2011,58.89,15386.8,997000,3083000,5626000,26412000,12.4,72500,7746000,24511000,NA,605272.6,15543465,14271000
220,1,2012,66.76,16385.84,987000,2965000,5580000,25218000,12.41,68100,8392000,25001000,NA,402706.7,16238799,13444000
221,0,2013,114.7,25462.31,911000,2863000,5379000,24661000,12.66,65300,9488000,26172000,NA,396147.5,25719048,16548000
222,0,2014,151.08,30518.04,868000,2937000,5601000,23979000,13.33,64300,8184000,24950000,456715,300776.7,31385328,13160000
223,1,2015,191.48,34922.7,800000,2790000,5642000,23526000,13.07,NA,6334000,23045000,27131860,314219.4,38438835,11938000
224,0,2014,NA,NA,NA,NA,NA,NA,NA,NA,NA,NA,NA,NA,NA,NA
225,0,2015,4.86,12.69,NA,NA,NA,NA,NA,NA,NA,NA,NA,41.1,NA,NA
226,1,2004,27.26,205294.8,2665000,14007000,41651000,52516000,38.87,115000,39694000,123287000,NA,5826146,199793970,75557000
227,1,2005,23.45,172859.1,3424000,11534000,39561000,51298000,29.9,106000,41896000,116844000,NA,7418561,167537520,71974000
228,0,2006,25.9,186750.4,1992000,13028000,37862000,48371000,31.2,98000,46949000,114483000,NA,7869973,164919600,76904000
229,0,2007,22.9,156402.4,1023000,9278000,36703000,48428000,28.75,86600,46849000,112827000,NA,9572433,141548530,72438000
230,1,2008,17.29,116585.2,1645000,9694000,38261000,48296000,34.42,81800,43076000,109892000,NA,12641140,113280660,65703000
231,1,2009,18.56,149770.5,2197000,10827000,38419000,50009000,32.01,116500,61670000,211621000,NA,14107250,169453300,133639000
232,0,2010,17.6,140975,1124000,9422000,46652000,67809000,26.38,110600,60468000,193825000,NA,13865040,156300120,126675000
233,1,2011,21.71,166883.9,4023000,12762000,47562000,67425000,29.31,103700,57728000,186802000,NA,12346820,176233000,117552000
234,1,2012,24.89,183254.4,2562000,12080000,42775000,58986000,32.15,91500,61415000,185798000,NA,8449523,187685987,112714000
235,0,2013,30.64,198579.9,4306000,15716000,37630000,51584000,32.74,77700,56244000,170547000,NA,9216336,200428370,107082000
236,1,2014,31.39,197777.6,3120000,12240000,36042000,49605000,27.32,78300,57702000,167730000,1872774,6583717,196874650,103163000
237,0,2015,32.83,202659.4,1990000,8964000,35550000,48851000,26.02,97900,43804000,165666000,143509200,7244126,215321000,93816000
238,0,2004,12.58,320.15,11526,30736,180180,969527,2.28,1350,214309,354638,NA,61360.8,229603,161419
239,0,2005,42.75,1148.48,17764,47747,220589,1169612,3.74,1500,338561,495439,NA,94922.6,959559,215619
240,0,2006,42.77,1190.07,25576,72082,267291,1389464,4.43,1700,415079,561515,NA,99547.7,913458,229611
241,0,2007,29.14,779.32,25947,73439,289766,1569977,3.96,1850,413411,560651,NA,91076,496592,199212
242,0,2008,19.49,493.9,26237,72017,328169,1724434,3.77,2060,449620,616840,NA,83377.1,256670,208479
243,0,2009,23.96,613.76,12075,28649,271375,1653096,1.64,1950,418221,576470,NA,60109.4,334653,223160
244,0,2010,29.5,766.72,15581,38021,283629,1719752,2.15,1900,498088,659845,NA,52364,444803,240395
245,0,2011,25.5,658.15,20305,50775,336557,1976219,2.9,2100,522788,712259,NA,29686.9,338512,245207
246,0,2012,31.81,816.06,27888,68290,363971,2158824,3.32,2200,551465,750200,NA,24993.1,506958,240905
247,0,2013,36.18,925.13,21700,53732,372187,2256112,2.64,2300,565317,766560,NA,23602,600291,253272
248,0,2014,34.62,877.01,19623,47627,382418,2357788,2.17,2300,569509,796670,13126.2,28799.6,509408,204096
249,0,2015,48.98,1197.89,26229,65619,419302,2603614,2.93,2400,542048,767936,1006659,49662.6,851529,172455
250,0,2007,31.13,12926.81,357300,1195700,NA,3878900,23.8,5475,NA,12791400,NA,106762.4,14711686,9104800
251,0,2008,12.86,4950.68,236000,610200,NA,3307600,20.28,5325,NA,9719700,NA,936355.6,6693324,7458200
252,0,2009,23.27,9977.66,148200,330500,NA,2627300,16.39,4890,NA,10843800,NA,1260416,11274855,8366500
253,0,2010,23.74,10969.19,197000,793600,NA,3487700,16.54,5617,NA,20444100,NA,1115195,17661406,16542000
254,0,2011,20.1,9064.99,286100,877600,NA,4092200,16.52,6162,NA,19347000,NA,1290070,15189976,15720100
255,0,2012,25.78,11447.39,272200,829800,NA,4177000,16.02,6128,NA,17492400,NA,987665.9,15580408,14134400
256,0,2013,36.49,16175.28,336900,1219700,3195700,4684900,23.89,5932,NA,19263100,NA,966357.2,20189840,14747600
257,0,2014,40.35,17383.89,390600,1362300,3544800,5175500,23.81,6264,NA,20462500,280054.7,732559.8,22591120,16024200
258,0,2015,33.57,14229.05,398000,1327000,3567100,5147000,25.27,6490,NA,25073200,15800350,796754.6,19982768,16372800
259,1,2004,NA,NA,27555,-174766,391341,1140606,10.11,8450,170790,1983755,NA,NA,54657,-153892
260,0,2005,20.23,547.97,13495,-69766,357019,992221,7.73,7500,344482,2329763,NA,21604.4,1841213,1964818
261,1,2006,18.24,565.28,6451,-18235,390488,1026162,9.9,7300,215940,2260496,NA,77068.3,1970736,1934333
262,1,2007,4.39,136.51,-48975,-297907,380819,988235,7.97,6800,205028,2231211,NA,205132.3,1721138,1929560
263,1,2008,0.2,6.22,-6289,-236725,254446,713453,4.93,6400,400804,2047379,NA,76296.9,1678964,13628
264,1,2009,0.08,2.69,-8324,-708152,261896,792149,0.16,5500,131848,1396769,NA,65351.7,-215959,-685108
265,1,2010,0.02,0.53,NA,NA,NA,NA,NA,NA,NA,NA,NA,78112.2,NA,NA
266,1,2011,0.02,0.53,NA,NA,NA,NA,NA,NA,NA,NA,NA,NA,NA,NA
267,1,2004,46.86,189275.7,7078000,21221000,NA,65910000,33.84,175742,NA,1110457000,NA,1668302,457899197,188212000
268,0,2005,46.19,185502.6,8015000,24480000,NA,85064000,29.26,176638,NA,1291803000,NA,2842879,605629624,191193000
269,0,2006,53.39,239757.8,10840000,31973000,NA,116574000,28.12,203425,NA,1459737000,NA,3245566,709269703,264078000
270,1,2007,41.1,182414.7,5942000,20924000,NA,119190000,17.9,210000,NA,1715746000,NA,5661243,755017152,313876000
271,0,2008,12.94,64927.41,420000,3889000,NA,112452000,4.19,243000,NA,1817943000,NA,19745250,709995493,402462000
272,1,2009,15.12,130799.4,-1266000,2296000,NA,143272000,-0.07,284000,NA,2223299000,NA,83698560,811550674,572321000
273,1,2010,13.31,134233.3,915000,-6583000,NA,129645000,7.67,288000,NA,2264909000,NA,47652450,796757965,587428000
274,0,2011,5.46,55341.83,-1676000,-7590000,NA,107242000,1.27,282000,NA,2097047000,NA,53614990,580034815,504951000
275,1,2012,11.36,122438.9,-1116000,1002000,NA,98061000,1.08,267000,NA,2176936000,NA,49416480,633025641,457344000
276,0,2013,15.67,167138.3,4741000,13271000,NA,98816000,13.45,242000,NA,2069917000,NA,30180380,540723455,436283000
277,1,2014,18.11,190452.9,2022000,5725000,NA,94081000,6.12,224000,NA,2104534000,3460912,21611360,544448945,455886000
278,0,2015,17.28,179927.6,6266000,21893000,NA,92906000,23.68,213000,NA,2144316000,186813300,21295010,476772861,449635000
279,0,2004,458.555,60464.17,1803000,6640000,NA,39549000,17.4,53284,NA,775410000,NA,1401911,305916671,110794000
280,1,2005,474.245,61581.6,1858000,7361000,NA,52081000,15.85,53218,NA,898523000,NA,1776888,392176698,125891000
281,1,2006,675.962,85410,3275000,11000000,NA,76551000,14.37,55310,NA,1120645000,NA,1281113,518069477,162134000
282,0,2007,53.22,56478.51,831000,3441000,NA,85405000,4.12,48256,NA,1045409000,NA,2503425,385312591,191085000
283,0,2008,14.9,15823.54,480000,2287000,NA,62262000,5.84,46964,NA,658812000,NA,7482594,185713076,192297000
284,0,2009,29.43,40008.1,-336000,857000,NA,30070000,2.85,61388,NA,771462000,NA,7686952,363514618,220066000
285,1,2010,27.28,41271.28,739000,6239000,NA,37429000,15.15,62542,NA,807698000,NA,4312883,345904119,230953000
286,0,2011,15.24,29373.62,1418000,7892000,NA,40963000,18.98,61899,NA,749898000,NA,5692705,274522298,238890000
287,0,2012,18.62,36761.84,-239000,386000,NA,31878000,1.12,57061,NA,780960000,NA,6007895,279115683,228612000
288,0,2013,31.06,60608.63,826000,4482000,35137000,36848000,12.16,55794,NA,832702000,NA,4219435,366197084,255404000
289,0,2014,38.96,76260.38,-90000,3591000,36147000,37953000,9.46,55802,NA,801510000,730669.1,2692991,311824030,229355000
290,0,2015,32.55,63024.04,2200000,8495000,36005000,37897000,22.42,56218,NA,787465000,54329680,2717565,242978964,226914000
291,0,2004,2.49,185.34,14679,-11835,294640,956443,1.88,34000,237469,396688,NA,57247.3,275488,233681
292,0,2005,3.13,230.97,642,4934,356247,1037179,2.42,39000,263102,411236,NA,42897.5,347018,237396
293,0,2004,52.07,43717.79,140000,1869000,7782000,52457000,4.28,159000,15100000,53809000,NA,801448.9,49741053,22165000
294,0,2005,71.18,57461.1,257000,2731000,8996000,54845000,4.67,153000,21968000,59918000,NA,982741.9,60964954,20597000
295,0,2006,88.84,70249.19,988000,3048000,11446000,61530000,6.53,154000,22983000,50743000,NA,1000701,73223571,12896000
296,1,2007,88.25,68399.25,2060000,5931000,13280000,66387000,8.89,159300,27280000,58789000,NA,1328256,66082127,16459000
297,1,2008,39.99,29306.02,1341000,3754000,10780000,60909000,6.45,162200,25964000,49665000,NA,1946309,35236989,5658000
298,0,2009,55.21,40115.52,396000,1482000,11916000,68281000,3,157100,35275000,58991000,NA,1738892,42712401,14442000
299,1,2010,65.05,47719.38,1196000,4240000,12623000,64306000,7.55,160500,40572000,64534000,NA,1474529,49983009,14335000
300,0,2011,74.11,55081.04,1382000,5115000,12996000,68735000,8.25,171700,49810000,74094000,NA,1413205,55816095,13626000
301,1,2012,74.69,56321.96,2007000,5642000,13142000,81698000,7.5,174400,57309000,82143000,NA,1096720,53895317,14940000
302,0,2013,136.9,102873.9,1646000,6232000,13430000,86623000,7.39,168400,65074000,89724000,NA,1308039,96592718,23153000
303,1,2014,132.29,94313.5,1691000,7137000,14079000,90762000,8,165500,67785000,92622000,5504044,1093237,88065447,17033000
304,0,2015,147.35,98722.06,1979000,7155000,14090000,96114000,7.53,161400,68234000,94143000,140380400,987981.9,94463136,15229000
305,0,2004,14.75,1210.86,25975,70287,NA,1007371,7.04,1200,NA,527934,NA,77349.6,1134666,318285
306,0,2005,13.325,1137.23,30224,85856,NA,1516519,6.22,1800,NA,668030,NA,312734.1,1075950,444496
307,0,2006,12.285,1060.64,21977,-21652,NA,2296912,3.36,2600,NA,894980,NA,415291.6,970169,501069
308,0,2007,13.78,1199.58,22367,63636,NA,2944461,2.69,3100,NA,1119122,NA,328990.3,1137038,621453
309,1,2008,9.78,839.2,52435,136616,NA,3386243,4.53,3600,NA,1451152,NA,301349.1,733082,765909
310,0,2009,10.815,982.07,48841,137508,NA,4118555,3.73,3900,NA,1702364,NA,207618.8,836668,926512
311,0,2010,13.155,1360.87,59900,154282,NA,4469059,3.98,4200,NA,1943882,NA,259546.4,1156881,1124879
312,0,2011,20.08,2023.21,66522,174885,NA,5353951,3.8,5300,NA,2190336,NA,270423.7,1792395,1284763
313,1,2012,19.675,2031.79,-329,-11624,NA,8703569,0.42,6800,NA,2741682,NA,466597.8,1841112,1489248
314,0,2013,28.7,3143.73,107080,268917,NA,10863329,2.55,8800,NA,3529300,NA,255976.1,2964925,1909136
315,0,2014,52.69,6182.54,196000,457000,NA,16560000,2.8,13400,NA,5838000,111883.9,368235.8,5643655,2779000
316,0,2015,66.74,7955.59,339000,697000,NA,22760000,3.1,18200,NA,7339000,13968100,378259.9,7547772,3540000
317,0,2004,34.65,4662.88,210128,540305,1147955,2407372,31.19,6800,419847,7796953,NA,263698.3,7555207,6179292
318,0,2005,33.52,4390.88,203291,532860,1125392,2479252,29.7,6900,423016,7762707,NA,252418.3,6856609,6001715
319,0,2006,43.66,5011.59,221122,591149,1044395,2447730,27.58,6400,290117,7441007,NA,217251.8,7526537,5613029
320,1,2007,41.44,4574.27,200572,618942,1184611,2656241,29.96,6600,292399,8184553,NA,223976.6,7492709,6151380
321,1,2008,26.7,2673.68,194357,560089,1120488,2599747,27.75,6500,555407,8254195,NA,401487.1,5812011,6457359
322,1,2009,36.49,10856.69,301881,814512,2247442,4974239,26.41,20200,1123591,22562729,NA,673355,18431651,16720452
323,1,2010,46.25,14025.15,582951,1532085,3242313,7041534,31,20300,1143129,22038098,NA,893673.8,21240226,16963163
324,1,2011,37.19,22968.75,375000,948000,5067000,15351000,16.23,49200,3523000,56139000,NA,1452714,44716721,42183000
325,1,2012,38.56,24071.61,473000,1250000,5961000,18376000,15.49,47000,3613000,54020000,NA,1319658,44869741,38689000
326,1,2013,32.01,18920.17,463000,224000,6062000,18095000,14.36,47000,3907000,51787000,NA,1459848,39386838,37372000
327,1,2014,40.53,23130.68,338000,1110000,5772000,18031000,13.65,45000,3576000,50147000,884039.9,1119555,43044903,35144000
328,1,2015,25.88,14208.23,438000,1316000,5947000,17900000,14.73,43000,2650000,47604000,37743420,1223085,33781008,32782000
329,0,2004,NA,NA,-196000,-136000,723000,9056000,2.42,45900,3468000,8286000,NA,NA,4295439,4612000
330,0,2005,NA,NA,924000,-285000,406000,8611000,-1.09,44000,3424000,7197000,NA,NA,3044000,696000
331,0,2006,NA,NA,66000,-571000,338000,8504000,-0.95,45000,3324000,6441000,NA,NA,585982,-31000
332,1,2007,NA,NA,62000,-387000,490000,8721000,1.43,35000,3792000,6370000,NA,NA,-63400,-668000
333,0,2008,0.65,65.02,306000,351000,200000,8095000,-1.69,29000,2733000,5593000,NA,172866.4,1426048,3302000
334,1,2009,10.89,1516.4,-27000,-454000,172000,5228000,-2.7,24000,2582000,5064000,NA,517099.8,2438249,2748000
335,0,2010,17.1,2414.77,31000,35000,598000,6109000,3.21,22500,2933000,5071000,NA,703169.8,3154409,2564000
336,1,2011,12.1,1780.52,85000,296000,818000,7592000,5.24,24500,3049000,5274000,NA,735377.1,2558931,2669000
337,0,2012,15.09,2231.76,51000,364000,900000,7224000,6.45,23300,2953000,5055000,NA,604411.3,2957402,2751000
338,1,2013,19.42,2852.88,119000,368000,846000,6769000,6.44,23000,3165000,5056000,NA,525775.1,3585538,2980000
339,0,2014,22.15,3752.3,-70000,260000,903000,6617000,6.8,22600,2954000,4713000,71086.8,525069.3,4098363,2793000
340,0,2015,14.45,2209.35,82000,292000,835000,6060000,7.33,23100,2474000,4248000,4972914,547820.9,2795939,2384000
341,0,2006,NA,NA,NA,NA,NA,NA,NA,NA,NA,NA,NA,NA,NA,NA
342,0,2007,NA,NA,NA,NA,NA,NA,NA,NA,NA,NA,NA,NA,NA,NA
343,0,2008,NA,NA,NA,NA,NA,NA,NA,NA,NA,NA,NA,NA,NA,NA
344,0,2005,128.02,57711.25,2647000,8273000,NA,43391000,19.07,31005,NA,705500000,NA,950147.4,395064533,222360000
345,1,2006,199.35,84889.56,5023000,14560000,NA,69353000,20.99,30335,NA,834774000,NA,1170849,445663353,279619000
346,0,2007,211.94,84283.13,6005000,17604000,NA,87968000,20.16,35094,NA,1115619000,NA,2409971,520999171,363149000
347,1,2008,76.56,33850.38,14000,2336000,NA,53579000,4.87,34738,NA,876188000,NA,4227318,300928023,309965000
348,0,2009,164.12,84371.13,6444000,19829000,NA,51673000,39.65,36200,NA,841005000,NA,4019609,458418829,340949000
349,0,2010,167.63,85699.63,4538000,12892000,NA,45967000,30.98,38700,NA,905093000,NA,2761057,513401375,339230000
350,1,2011,91.01,44805.36,1727000,6169000,NA,36793000,16.8,34700,NA,918208000,NA,1692457,462703832,340113000
351,0,2012,125.52,58987.27,3732000,11207000,NA,41664000,28.01,32400,NA,932935000,NA,1280756,444285328,328711000
352,1,2013,176.35,79927.25,3697000,11737000,36288000,40874000,28.76,32900,NA,906266000,NA,907191.8,476249598,342765000
353,0,2014,196.19,85449.63,3880000,12357000,35637000,40085000,31.56,34000,NA,851059000,5071680,739406.9,436066245,331434000
354,0,2015,183.53,78282.13,2695000,8778000,34946000,39395000,22.54,36800,NA,855847000,133556000,702873.1,413279013,345220000
355,0,2006,33.47,1843.64,-88300,-71500,273400,3207700,-1.76,11845,1420500,2683100,NA,53274.3,4942215,1453300
356,0,2007,34.21,3508.71,122900,419800,663600,3860800,10.86,13089,1842800,3309400,NA,227263.7,5108653,1845600
357,1,2008,8.51,878.33,118500,383900,608600,3771800,10.76,13162,2433300,3614300,NA,391926.8,1794173,1877900
358,0,2009,20.08,2105.16,80900,272800,500400,4081800,7.51,12315,2852900,4378000,NA,275829.3,3283441,2458500
359,1,2010,20.85,2233.91,78200,297800,565600,4173500,8.58,12774,3294700,5047000,NA,308958.4,3672774,2998200
360,0,2004,52.94,6018.85,351000,1404000,2180000,13969000,10.47,48000,4243000,10916000,NA,850015,6532663,5361000
361,1,2005,48.73,5525.2,365000,1282000,2072000,14039000,9.79,46000,4831000,9611000,NA,1120970,5759347,4719000
362,0,2006,73.14,8665.19,324000,1666000,2306000,15715000,10.83,44000,5196000,10483000,NA,1145327,8377389,5346000
363,1,2007,119.77,14146.99,218000,1082000,1734000,16873000,6.79,49000,4959000,15616000,NA,906546.2,17263786,8766000
364,1,2008,34.85,4051.55,853000,2914000,3426000,23754000,11.79,49000,5732000,15421000,NA,1986851,6918588,8123000
365,0,2009,54.71,7842.7,-439000,-1816000,-1190000,11048000,-15.55,43000,5015000,14887000,NA,3576184,10373462,8324000
366,1,2010,58.51,8402.91,97000,-405000,457000,17374000,-0.88,42000,5304000,14835000,NA,3740063,11579447,7369000
367,0,2011,25.67,3696.42,80000,-58000,877000,19884000,0.72,43000,5774000,15424000,NA,2708346,7655182,7329000
368,1,2012,23.03,3322.79,131000,-138000,1037000,19328000,1.98,39000,5374000,14793000,NA,2446485,6825106,7414000
369,0,2013,30.09,4353.02,-560000,-2272000,724000,17424000,0.65,38500,6078000,13127000,NA,1879999,7604067,6965000
370,0,2014,26.9,3913.53,68000,28000,1425000,17507000,5.15,35500,6431000,12268000,291832.8,1792117,6008816,6920000
371,1,2015,8.2,1199.45,183000,-1497000,-114000,11574000,-4.57,33200,3917000,9175000,18280620,2473046,3570255,5553000
372,0,2004,10.275,749.99,16380,43388,160264,544058,8.43,1463,198314,684231,NA,145763.1,742365,601059
373,0,2005,10.65,804.45,12641,34511,170957,619967,6.16,1487,194194,707136,NA,118988,784910,620561
374,1,2007,16.105,1278.19,29610,77092,261430,900432,9.33,2131,316004,1058456,NA,179701.4,1247353,918080
375,1,2008,8.92,721.59,24224,65445,298709,1056371,9,2986,393041,1259384,NA,240992.1,1223399,1081533
376,0,2009,8.53,695.55,8205,-23818,275162,1135306,5.52,2022,349131,1123496,NA,211449.7,852298,959695
377,0,2010,13.815,1184.1,28995,59353,251185,917337,8.74,2059,313817,1198087,NA,206764.4,1066493,990727
378,0,2011,18.81,1657.58,37308,94438,319484,1130257,9.46,2031,371066,1333504,NA,188074.8,1667176,1096243
379,0,2012,26.34,2427.93,41154,134228,382470,1378247,10.51,3720,448808,1673593,NA,290473.8,2834908,1354890
380,1,2013,44.815,4283.26,34324,153822,462668,1734683,10.83,3665,575172,2258494,NA,343590.3,3725020,1855041
381,0,2014,59.675,6022.43,70099,207594,551593,2153611,11.16,4400,803603,2965317,500977.9,307997.2,5192061,2387694
382,0,2015,41.07,4228.64,47883,215290,595122,2688515,9.17,6307,933019,3097270,17551410,317535.4,7434938,2584295
383,1,2006,24.125,113088.1,1498000,6476000,15928000,24088000,26.97,71000,8441000,29795000,NA,3383447,113835500,18234000
384,1,2010,32.725,151977,2384000,13218000,22523000,35200000,25.81,139600,21579000,72823000,NA,5184169,162964840,45358000
385,0,2011,35.08,159349.6,2805000,10749000,28604000,46766000,23.87,146200,25497000,79731000,NA,4602987,172901110,45577000
386,0,2012,35.97,161331.1,2723000,10990000,28859000,48022000,23.15,150900,30328000,85771000,NA,2617968,178185250,47904000
387,0,2013,40.66,179551.3,2851000,10875000,28299000,46843000,23.55,130600,31304000,89727000,NA,3628298,198649620,52594000
388,0,2014,42.86,187731.5,2201000,8556000,28155000,46052000,22.9,129200,32986000,92023000,5538535,3863821,203639520,49624000
389,0,2015,43.71,190094.1,2239000,9116000,26569000,44257000,22.28,123200,33395000,90093000,148268300,3625962,209565040,54171000
390,0,2007,14.24,1930.33,5427,-721607,-40535,151440,-329.51,1990,989712,2685969,NA,315616.9,2216450,2411713
391,0,2008,4.19,793.94,61607,-530740,-169146,20489,-2001.65,1635,3165872,9124167,NA,271475.6,7118715,8853308
392,0,2009,6.88,1348.18,712,-1253134,-314921,274458,-416.22,3440,3876589,11267853,NA,330399.8,11384010,10487099
393,0,2010,5.14,1250.38,-156,-2303250,-735014,556826,-335,3600,1865601,11040486,NA,637768.2,11929422,9887017
394,0,2011,1.92,868.25,106828,-2748905,-471710,1253466,-113.67,914,1287159,8842652,NA,1953945,7990125,7665643
395,0,2012,2.88,1990.75,-197399,-1941144,-432231,1264694,-102.52,952,987688,7665789,NA,3957048,8740847,6152979
396,0,2004,53.2,143.03,0,-33924,2011,11418,-298.17,166,11552,27527,NA,5478.8,157089,16857
397,0,2005,25.6,76.81,0,-24941,3354,14746,-159.94,142,13571,24155,NA,5675,95449,3001
398,0,2006,25.52,126.44,0,-23694,-1123,7043,-402.64,127,30005,35575,NA,11556.3,114784,22703
399,0,2007,31.28,221.79,0,-19787,3878,10484,-256.06,152,40079,45298,NA,22114.2,186027,33542
400,0,2008,12.88,109.61,0,-32620,2760,6611,-537.66,165,31884,36964,NA,14785,86615,28018
401,0,2009,24.72,273.91,0,-39529,-61,3833,-1022.12,161,48395,53536,NA,19443.8,235941,42292
402,0,2010,14.8,176.23,0,-47460,-11482,4740,-1019.7,108,27624,35233,NA,28232.9,171262,22106
403,0,2011,29.008,49.36,0,-35808,-7448,5617,-641.64,103,18655,23870,NA,29645.4,36216,10941
404,0,2012,1.96,48.79,0,-22693,1441,8365,-274.31,67,9695,12938,NA,135026.6,41488,5074
405,0,2013,1.31,42.01,0,-13178,4051,5852,-256.46,64,5784,8447,NA,52775.8,27953,-1696
406,0,2014,1.78,79.12,NA,-18120,2441,3485,-391.13,66,9625,11945,4461.5,273782.6,69530,6872
407,0,2015,3,141.7,NA,-14542,2008,9188,-158.37,67,11075,14042,433814.8,138870.4,127742,-153
408,0,2004,NA,NA,516,-34734,73603,252645,29.11,847,51355,829786,NA,NA,NA,765633
409,0,2005,NA,NA,-83096,-65846,69378,262843,25.5,900,78548,860979,NA,NA,965511,853606
410,0,2006,NA,NA,19858,39760,66670,270069,23.61,952,79170,861400,NA,NA,1271890,831999
411,0,2007,NA,NA,9093,9786,70166,283462,23.34,1087,46500,840425,NA,NA,1080891,786124
412,0,2008,NA,NA,-43408,-111932,499501,1274619,20.34,4071,350917,3334493,NA,NA,2693448,2456567
413,0,2009,NA,NA,-79014,-320410,336492,1126761,-4.56,2682,384647,3172122,NA,NA,-108943,-218427
414,0,2010,NA,NA,-7661,-289240,270566,1070986,-8.85,4032,311613,2973794,NA,NA,-100641,-583475
415,0,2011,4.21,110.29,226613,398575,193699,1029490,-16.07,3541,185667,1989645,NA,42236,1075580,886547
416,0,2012,7.67,201.65,-95560,-248854,156764,973649,-19.07,3369,170292,1732361,NA,36697.6,1137842,630657
417,0,2013,10.86,287.55,-90291,-193785,217699,939354,-12.13,3171,181169,1599898,NA,23004.1,1176269,602973
418,0,2014,14.91,398.23,-29778,-166097,240739,901396,-10.11,3052,147536,1465958,8056.5,32755.8,1258149,308868
419,0,2015,15.87,426.99,-1057,89359,208038,859465,20.2,2700,116136,1322526,385202.4,22356.9,1314748,899879
420,1,2006,449.825,36938.9,720000,2785000,9154000,31367000,11.3,118000,12304000,29866000,NA,929674.4,40057759,13629000
421,0,2007,608.516,45702.3,877000,3311000,10243000,34589000,12.34,122000,13685000,33168000,NA,1221148,51793321,14641000
422,0,2008,310.323,22667.4,1009000,3738000,11013000,36556000,12.42,128000,13263000,33355000,NA,1544376,30426466,13052000
423,0,2009,39.653,30430.19,789000,2952000,9461000,30854000,12.5,122000,13936000,33987000,NA,1580995,34858004,15200000
424,0,2010,529.966,41583.19,808000,2814000,9874000,33389000,11.18,130000,15011000,36616000,NA,1346057,45281280,16542000
425,0,2011,544.781,42379.91,417000,2231000,10425000,36500000,9.13,132000,16134000,37676000,NA,1230450,45573945,17783000
426,0,2012,625.618,49289.75,944000,3830000,11649000,37665000,12.21,132000,17598000,39964000,NA,893319.7,52155316,19610000
427,1,2013,906.212,71515,1450000,5376000,10698000,39062000,14.06,131000,21164000,45067000,NA,755332.5,72610806,24547000
428,1,2014,NA,79588.25,1489000,5782000,11349000,40306000,14.44,127000,22191000,45047000,772290.6,715947,78082424,24049000
429,0,2015,NA,81184.56,1739000,6556000,11834000,38581000,17.64,129000,20053000,49033000,47597790,779997.4,84725328,24262000
430,0,2013,44.948,25853.2,230000,500000,1513000,1674000,57.05,4232,44259000,64818000,NA,1016925,-12250200,16860000
431,0,2014,44.426,25035.64,402000,1407000,2759000,3092000,51,2902,50245000,68279000,469112.1,1138801,-20373230,14804000
432,0,2015,51.548,28290.75,358000,1653000,2964000,3338000,55.06,5549,53313000,77987000,22148080,889532.4,-14612060,19592000
433,1,2011,13.14,140.57,0,10331,NA,14810,69.76,NA,NA,145487,NA,14256.3,143456,145487
434,0,2012,14.87,548.89,0,31784,NA,45103,70.47,NA,NA,345331,NA,38017.3,362461,341926
435,0,2013,14.96,675.59,0,61964,55948,96303,64.34,NA,NA,650107,NA,90241.4,NA,650107
436,0,2014,14.93,864.72,436,46011,142136,144526,31.84,NA,NA,1514920,49796.1,114585.9,958043,917170
437,0,2015,12.81,819.91,160,33115,137852,141066,23.47,NA,NA,1602138,985501.1,75195.8,918248,951908
438,1,2007,94.86,200291.3,13479000,28130000,60630000,203970000,12.56,65000,39377000,147975000,NA,2508927,194442202,83363000
439,1,2008,71.55,145374.6,19026000,37691000,73018000,255112000,13.72,67000,36470000,158479000,NA,3908261,148063025,93200000
440,0,2009,77.21,154903.8,7965000,15212000,46635000,159387000,9.27,64000,37216000,163353000,NA,3013213,156913502,102691000
441,1,2010,91.37,183875.6,12919000,26418000,58966000,189607000,13.58,62000,48841000,183918000,NA,2601618,178318621,117100000
442,0,2011,107.47,214024.8,20626000,40271000,72476000,236541000,16.29,61000,53234000,208250000,NA,2304525,201676161,131993000
443,1,2012,106.45,208341.9,19996000,39443000,66746000,222629000,15.76,62000,55720000,230320000,NA,1620997,202102910,149897000
444,0,2013,125.23,240838.9,14308000,28378000,61106000,211772000,12.94,64600,50250000,250799000,NA,1444851,244257159,170484000
445,1,2014,113.32,214222.9,11892000,24104000,53289000,191755000,9.99,64700,42232000,262429000,3113889,1642217,226625003,180219000
446,0,2015,91.25,171735.8,132000,158000,28191000,122289000,-3.24,61500,35347000,261591000,128622900,2331137,199294947,187550000
447,1,2005,23.45,172859.1,3424000,11534000,39561000,51298000,29.9,106000,41896000,116844000,NA,7418561,167537520,71974000
448,0,2006,25.9,186750.4,1992000,13028000,37862000,48371000,31.2,98000,46949000,114483000,NA,7869973,164919600,76904000
449,0,2009,18.56,149770.5,2197000,10827000,38419000,50009000,32.01,116500,61670000,211621000,NA,14107250,169453300,133639000
450,0,2010,17.6,140975,1124000,9422000,46652000,67809000,26.38,110600,60468000,193825000,NA,13865040,156300120,126675000
451,1,2011,21.71,166883.9,4023000,12762000,47562000,67425000,29.31,103700,57728000,186802000,NA,12346820,176233000,117552000
452,1,2012,24.89,183254.4,2562000,12080000,42775000,58986000,32.15,91500,61415000,185798000,NA,8449523,187685987,112714000
453,0,2013,30.64,198579.9,4306000,15716000,37630000,51584000,32.74,77700,56244000,170547000,NA,9216336,200428370,107082000
454,1,2014,31.39,197777.6,3120000,12240000,36042000,49605000,27.32,78300,57702000,167730000,1872774,6583717,196874650,103163000
455,0,2015,32.83,202659.4,1990000,8964000,35550000,48851000,26.02,97900,43804000,165666000,143509200,7244126,215321000,93816000
456,0,2008,8.96,434.56,1357,3012,0,0,NA,4,143,401982,NA,22746.3,556359,390251
457,0,2009,8.13,571.11,-1321,-45481,16854,75989,-16.2,166,221056,808832,NA,62201.5,416911,627700
458,0,2010,8.27,580.98,12921,35612,164666,348173,22.62,174,208729,1047449,NA,114644.4,617027,790664
459,1,2011,7.58,554.89,24900,64581,195667,384307,28.96,197,227242,1374186,NA,137917.1,848078,1118400
460,0,2012,6.29,472.22,30387,95018,188188,383520,27.4,211,367166,1916341,NA,101465.1,1011268,1628345
461,0,2013,6.46,495.23,47948,110465,196261,382649,28.72,224,369558,2309796,NA,179209.7,1363603,1978698
462,0,2014,10.15,951.48,41463,116452,219134,408557,30.08,233,573113,2909681,54599.5,256696.2,1825590,2523265
463,0,2015,8.9,845.05,65992,73115,258431,411378,39.1,244,481718,3204230,2023014,229204.1,1932838,2750543
464,0,2004,15.24,168.63,-6840,2431,109253,391300,1.71,1025,148153,282973,NA,10250.7,191406,239055
465,0,2005,15.05,154.58,7398,5615,109310,396032,2.25,938,134017,263837,NA,9868.1,170826,235667
466,0,2006,17.74,183.52,5375,4977,93331,347334,0.71,818,136006,308963,NA,7214.7,174137,273468
467,0,2007,15.2,153.96,14690,38172,65955,223975,2.15,541,193190,387049,NA,10465,138068,319544
468,0,2008,7.27,69.36,-2387,-8663,47080,230627,-0.84,122,142645,432591,NA,37355.1,98411,367572
469,0,2009,14.08,128.89,4553,7584,19733,170264,8.05,114,132145,443037,NA,9807.7,216171,401785
470,0,2010,15.21,144.34,3019,-4769,30374,301674,6.85,58,125849,370516,NA,7243.4,156444,340937
471,0,2011,21.96,182.75,15902,26293,33836,409952,6.02,105,127039,438049,NA,9644.9,292149,390370
472,0,2012,18.99,154.91,-1639,-4483,13536,657737,0.15,102,114927,405330,NA,9508.8,243827,365589
473,0,2013,45.57,368.1,20695,42595,64151,666091,6.95,105,148810,427868,NA,10025.9,333325,374253
474,0,2014,62.2,497.8,49649,120573,141939,572230,21.41,106,175745,456947,19973.1,44488.1,343769,392964
475,0,2015,54.72,375.27,14108,42534,50834,436488,7.11,116,179360,414685,1073457,40666.1,263880,355759
476,0,2004,702.788,41774.99,1061000,3241000,10500000,31323000,10.32,68000,21082000,28536000,NA,940693.4,36689160,17909000
477,1,2005,933.774,56790.05,1921000,6520000,11777000,36843000,11.5,69000,27869000,34404000,NA,1017113,45968849,20479000
478,1,2006,842.035,49703.03,1349000,4610000,12768000,42879000,9.7,66000,30975000,37268000,NA,1236707,38047544,19846000
479,1,2007,666.748,37188.74,-285000,-390000,10056000,36622000,1.46,66000,22222000,32358000,NA,1709648,31979124,19400000
480,1,2008,165.868,9178.69,1607000,-2637000,8077000,30146000,-1.2,64000,17363000,25441000,NA,1714037,7138895,13448000
481,0,2009,319.449,18025.35,-77000,-165000,6797000,22044000,0.95,53000,16032000,23319000,NA,1645989,13877896,13138000
482,1,2010,367.366,21076.67,406000,677000,6646000,19282000,3.88,51000,17154000,23958000,NA,1925794,15319260,13111000
483,1,2011,46.58,15163.46,-3000,738000,3944000,8203000,12.03,23000,8768000,11554000,NA,957084,11261252,6404000
484,1,2012,54.08,15169.43,337000,1215000,4320000,8698000,14.74,22000,7401000,10263000,NA,515204.3,13658248,5149000
485,0,2013,67.33,17419.1,40000,1135000,8468000,8696000,66.43,21000,7020000,9775000,NA,461056.4,16425750,6129000
486,1,2014,67.87,16337.81,-465000,-1177000,2826000,5881000,-16.26,15000,6879000,8272000,309500.1,438614.9,14221184,6162000
487,0,2015,69.64,12295.77,274000,911000,2711000,5695000,18.79,14000,4582000,6109000,16269450,421182.8,13949835,4290000
488,0,2010,24.105,870.49,19745,60282,91429,314708,18.99,1112,128181,186836,NA,21100.3,814686,141214
489,0,2011,31.3,1133.31,25063,75698,116192,381511,19.83,1405,147559,245703,NA,28869.2,1149861,180590
490,0,2012,25.68,932.15,25091,77646,127673,406175,19.13,1379,156748,273210,NA,20477.7,929007,221447
491,0,2013,41.7,1518.19,20721,63623,119354,394677,16.21,1286,169405,301819,NA,25013.4,1310829,251462
492,1,2014,25.69,977.46,11705,43501,103246,378153,11.58,1200,170979,362873,42485.8,32708.8,763677,305237
493,0,2015,16,584.09,2221,10782,65785,258229,7.17,910,125733,306610,920225.8,47557.8,514247,268865
494,1,2007,81.43,8692.81,309278,954602,NA,4596167,24.36,13869,NA,64875639,NA,154870.4,23380989,16803201
495,1,2008,53.63,5914.64,183892,777232,NA,4403023,21.12,13620,NA,65815757,NA,432237,20474152,16629020
496,1,2009,66.83,7892.05,139400,545189,NA,3942920,19.6,14226,NA,68880399,NA,379713.8,20142291,15453103
497,1,2010,87.38,10431.25,356628,1118557,NA,3920118,30.04,13365,NA,68021263,NA,351413.5,19076943,14310986
498,1,2011,76.94,9665.66,365121,1248831,NA,4350105,31.46,15666,NA,77924287,NA,245002.1,16478017,14285701
499,1,2012,97.55,12486.97,523028,1574037,NA,4674653,34.91,14943,NA,83008803,NA,176921.4,17201706,14552249
500,1,2013,116.07,15115.7,579069,1733675,NA,4838665,36.09,15893,NA,85162391,NA,197918.8,19872179,16392381
501,1,2014,127.52,16846.91,575999,1658917,NA,4752822,34.9,15782,NA,96685535,743826.9,181681.3,25762320,21336411
502,1,2015,124,22045.47,595025,1688959,NA,5010148,33.71,17476,NA,122787884,28936450,239339.3,31985406,25720534
503,0,2007,7.95,78.18,NA,NA,NA,NA,NA,NA,NA,NA,NA,2662.6,NA,NA
504,0,2008,0.25,2.06,NA,NA,NA,NA,NA,2,NA,NA,NA,32659.3,NA,NA
505,0,2009,0.425,13.09,0,-10296,163,619,-1122.31,6,1129,1624,NA,12076.3,14984,-6683
506,0,2012,0.0975,9.21,0,-5903,216,804,-676.51,7,552,1979,NA,38480.1,12103,-6615
507,0,2013,0.175,22.34,0,-7639,325,587,-1202.86,6,377,2172,NA,46639.6,25124,-7870
508,0,2014,0.0515,7.85,NA,-2180,2201,2580,-132.55,NA,533,2356,NA,38682.9,10522,-6742
509,0,2015,0.012,2.54,NA,-2996,-309,191,-1848.14,NA,28,717,NA,27582,4449,-8204
510,0,2008,1,12.56,66,-32869,12567,102532,-6.51,156,38018,57439,NA,4312.2,5543,25170
511,0,2009,0.63,7.99,0,-16203,6560,48111,-11.96,113,18524,23254,NA,12193.4,10166,8308
512,0,2010,1.36,18.17,0,860,11609,74904,1.31,114,22750,27037,NA,8818.7,10307,9437
513,0,2011,0.83,11.09,0,1840,12245,36855,2.74,107,17106,21333,NA,3552.5,8446,11176
514,0,2012,0.48,7.07,0,-3960,9147,47674,-2.75,79,14376,16498,NA,6702.2,3703,7163
515,0,2013,0.37,5.39,0,-2794,8615,44429,-5.8,104,13411,17025,NA,3422,6479,3973
516,0,2014,0.49,7.45,53,-2750,8073,27985,-8.84,NA,6768,10415,NA,2505.9,6144,1521
517,0,2015,0.13,2.03,21,-2184,7802,29487,-6.27,NA,9514,13027,NA,2152.6,4410,454
518,1,2004,46.86,189275.7,7078000,21221000,NA,65910000,33.84,175742,NA,1110457000,NA,1668302,457899197,188212000
519,1,2005,46.19,185502.6,8015000,24480000,NA,85064000,29.26,176638,NA,1291803000,NA,2842879,605629624,191193000
520,0,2006,53.39,239757.8,10840000,31973000,NA,116574000,28.12,203425,NA,1459737000,NA,3245566,709269703,264078000
521,1,2007,41.1,182414.7,5942000,20924000,NA,119190000,17.9,210000,NA,1715746000,NA,5661243,755017152,313876000
522,0,2008,12.94,64927.41,420000,3889000,NA,112452000,4.19,243000,NA,1817943000,NA,19745250,709995493,402462000
523,0,2009,15.12,130799.4,-1266000,2296000,NA,143272000,-0.07,284000,NA,2223299000,NA,83698560,811550674,572321000
524,1,2010,13.31,134233.3,915000,-6583000,NA,129645000,7.67,288000,NA,2264909000,NA,47652450,796757965,587428000
525,0,2011,5.46,55341.83,-1676000,-7590000,NA,107242000,1.27,282000,NA,2097047000,NA,53614990,580034815,504951000
526,1,2012,11.36,122438.9,-1116000,1002000,NA,98061000,1.08,267000,NA,2176936000,NA,49416480,633025641,457344000
527,0,2013,15.67,167138.3,4741000,13271000,NA,98816000,13.45,242000,NA,2069917000,NA,30180380,540723455,436283000
528,1,2014,18.11,190452.9,2022000,5725000,NA,94081000,6.12,224000,NA,2104534000,3460912,21611360,544448945,455886000
529,0,2015,17.28,179927.6,6266000,21893000,NA,92906000,23.68,213000,NA,2144316000,186813300,21295010,476772861,449635000
530,0,2005,31.55,1034.52,82405,207105,297722,1808003,9.77,3900,540777,993463,NA,71488,748498,672729
531,0,2006,43.22,1631.94,62695,148525,126841,1684070,7.53,3900,535574,1094351,NA,83220.8,1318159,777747
532,0,2007,47.64,1896.55,58669,153188,135738,2155953,6.3,5600,803092,1344505,NA,88960,1267809,908831
533,0,2008,37.7,1525.08,54038,140243,126059,2625394,4.8,5200,822420,1340795,NA,105122.3,819591,908093
534,0,2009,41.46,1457.75,57337,164008,160187,2641814,6.06,5200,753588,1423316,NA,81650.2,NA,950492
535,0,2010,47.94,1608.09,83744,222403,223361,2969240,7.52,4900,858487,1548607,NA,76313.1,954329,1039015
536,0,2011,49.84,1418.87,65037,194660,194381,2799400,6.94,4800,732709,1341167,NA,61832.5,825192,845274
537,0,2012,51.75,1415.83,37838,188865,189093,3207397,5.9,5030,871418,1512133,NA,57725,702306,1017333
538,0,2013,57.93,1593.07,39924,165185,166200,3546317,4.69,5949,989358,1759218,NA,46111.2,1050979,1190759
539,0,2014,61.32,1695.24,43689,117920,123606,3760118,3.29,6600,1167549,2094157,102859.3,51070,1168777,1395257
540,0,2015,63.06,1612.74,42409,71116,75532,4597400,1.64,6900,1097682,2042224,3067800,51188.7,1186635,1310415
541,0,2008,1.6,4.07,0,-11294,2680,12622,-41.76,38,10078,10622,NA,1255.8,5594,8232
542,0,2009,15,134.67,0,-14246,357,2193,-421.77,41,2789,3393,NA,2016.7,142511,-9523
543,0,2010,10.4,166.22,0,-3186,8335,20358,-15.81,59,9828,10573,NA,944,161158,6136
544,0,2011,4.91,81.16,204,4974,26816,62306,7.95,88,20236,21874,NA,40081.8,58696,16866
545,0,2012,3.08,51.32,0,-5444,18288,42805,-13.33,105,16885,18329,NA,6380.8,36846,13536
546,0,2013,2.76,46.15,0,-17737,3145,11350,-151.52,41,1814,2693,NA,4971.9,45174,-1519
547,0,2008,21.055,3117.02,125400,468800,980900,3115300,17.66,5000,1432800,2750300,NA,559232.3,3878070,1559300
548,1,2009,28.3,4092.18,53000,307700,959200,2826200,19.25,4800,1487700,2895500,NA,534478.2,4662253,1721100
549,1,2010,39.89,5786.88,132000,347800,1058000,3116300,17.76,4900,1646200,3005200,NA,358019.3,6243804,1692200
550,1,2011,43.145,6076.8,136500,547900,1164300,3377900,18.25,5000,1869400,3496600,NA,310660.1,6726589,2083200
551,0,2012,57.27,7868.55,146700,612900,1341200,3748300,18.58,5700,2181800,4140600,NA,167394.4,9017471,2463600
552,1,2013,75.46,10056.84,148600,616800,1340400,3874800,18.24,5600,2945000,5143800,NA,202419.8,11802954,2726200
553,0,2014,57.63,7680.18,73500,485900,1375000,4037700,17.96,6000,2934400,5140400,611752.2,300815.9,9177107,2717400
554,1,2015,40.39,5397.03,47400,-130300,1123300,3276500,11.97,6000,2971900,6039000,14847860,314854.1,7342851,3944600
555,0,2007,31.88,342.01,15235,40505,192725,1028963,4.21,1170,283388,386083,NA,46350.2,349185,280227
556,0,2008,17.63,191.5,40396,108098,286906,1227245,8.9,1140,348480,474247,NA,81087.1,262603,363156
557,0,2009,33.18,361.1,-38316,-99544,9586,523395,-18.6,981,214771,338448,NA,64857.1,349378,259612
558,0,2010,28.47,310.19,1665,3797,89864,805043,0.76,1113,298809,429438,NA,25947.1,365740,316873
559,0,2011,23.56,256.92,12515,37485,164935,1261872,3.6,1700,420859,707499,NA,18349.1,491118,521130
560,0,2012,21.19,231.35,7862,10139,164600,1383701,1.81,1870,422377,705994,NA,14347.1,476072,520626
561,0,2013,28.99,317.81,5277,12924,157551,1263331,1.56,1790,417631,697349,NA,13259.7,513206,484795
562,0,2014,18.08,198.56,2950,-16114,163010,1436270,1.02,1810,458709,700748,11215.3,9979.5,440191,524871
563,0,2015,11.27,124,-6817,-33594,128882,1175543,-0.24,1740,308946,513470,327673.8,23407.4,273755,400495
564,0,2014,20.04,812.46,0,-28999,60760,110239,-25.29,784,89988,113039,37276.8,46194,713922,88011
565,0,2015,28.92,1318.07,0,-26733,90936,150194,-17.38,1004,192907,231041,3800461,140790.3,1097096,195789
566,0,2004,27.25,3991.72,493000,1638000,NA,11083000,16.97,6150,NA,103878000,NA,183219.3,16428200,16908000
567,0,2005,34.74,11940.86,577000,1798000,NA,10504000,19.91,6900,NA,105292000,NA,482551.3,19400180,18146000
568,0,2006,34.21,15469.89,594000,1918000,NA,11029000,20.69,7200,NA,110871000,NA,614289.4,22613090,20116000
569,1,2007,25.31,11102.05,452000,1606000,NA,11125000,18.76,7000,NA,114315000,NA,833740.3,15563200,20836000
570,0,2008,2.72,1178.12,-370000,-942000,NA,12079000,16.03,6000,NA,106352000,NA,1958385,2746390,16642000
571,1,2009,11.94,5833.31,-393000,-792000,NA,10127000,6.51,6000,NA,108095000,NA,4693368,9636150,20434000
572,0,2010,13.14,6433.28,209000,76000,NA,10297000,7.2,6500,NA,111295000,NA,2363084,13299600,23854000
573,0,2011,6.45,3166.5,53000,286000,NA,10388000,8.6,6400,NA,114302000,NA,2142516,8230050,25821000
574,0,2012,7.22,3551.02,189000,712000,NA,10129000,13.65,6300,NA,113312000,NA,2428914,8507920,25003000
575,1,2007,20.32,2408.42,-58000,-103000,3959000,8852000,3.84,63264,2560000,8393000,NA,492822.1,6589846,4825000
576,1,2008,4.48,534.43,-25000,43000,3842000,8663000,4.14,60297,2709000,8174000,NA,503402.9,4805749,4881000
577,0,2009,21.32,2564.42,-23000,205000,4074000,9014000,6.61,57613,2472000,7953000,NA,513801.4,6560319,4969000
578,0,2010,26.64,3233.65,-977000,158000,4171000,9205000,7.13,56605,2311000,7873000,NA,681159.1,7305890,5816000
579,0,2011,19.96,2167.4,61000,161000,4359000,8854000,8.27,57705,2357000,8088000,NA,665786.9,6805950,5802000
580,0,2012,31.33,3335.87,125000,334000,2880000,9119000,8.04,59164,2681000,8702000,NA,1649465,8376449,6392000
581,0,2013,40.89,4057.38,-65000,-158000,3402000,11102000,6.31,103711,3710000,16040000,NA,459680.1,15175728,11815000
582,0,2014,51.7,5081.08,49000,147000,5113000,16615000,6.01,108989,4717000,18025000,141346.9,446496.9,17134007,12881000
583,0,2015,31.52,3141.57,68000,45000,5863000,18634000,7.02,134630,5171000,22906000,12407050,540785.8,19671403,17607000
584,0,2005,200.766,3060.63,-16900,192200,238600,1180700,14.75,2000,354100,1839100,NA,162208.4,3444589,1440100
585,1,2006,204.249,3146.36,19055,190748,277064,1229807,17.37,2000,298554,1962882,NA,195071.9,3774743,1571709
586,1,2007,234.948,3685.24,23759,197514,313406,1224654,20.13,2000,396220,2079041,NA,264583.4,4263720,1675356
587,0,2008,145.586,2306.39,20312,179946,278200,1232100,17.36,1950,326976,2090531,NA,486612.1,3180106,1694196
588,0,2009,21.216,3388.36,46336,361703,253795,1168567,16.36,1800,509696,2252931,NA,760351.8,3978176,1841205
589,1,2010,265.548,4299.74,15217,231770,325134,1315233,19.62,1800,609186,2363653,NA,360224.7,4656118,1926685
590,0,2011,334.809,5465.26,30357,302274,414910,1488642,23,1900,344502,2569348,NA,250199.8,6215130,2142302
591,0,2012,380.186,6253.7,88391,366526,466195,1571000,25.32,1800,566274,3122951,NA,273931,7381821,2558056
592,1,2013,318.165,5382.29,49661,380864,461255,1707822,22.55,1600,519094,3685501,NA,273248.4,6782304,3216967
593,0,2004,69.03,20274.86,385000,2523000,NA,22693000,12.22,30000,NA,259316000,NA,389176.8,24172002,18546000
594,1,2005,86.41,25955.73,711000,2985000,NA,27130000,12.1,30000,NA,284882000,NA,338747.4,29445863,19373000
595,0,2006,93.31,29573.47,857000,3602000,NA,26621000,15.03,31000,NA,326426000,NA,380875.4,33104123,22638000
596,0,2007,87.15,27351.58,1056000,4005000,NA,26399000,18,31000,NA,360053000,NA,431285.8,30668905,23155000
597,1,2008,15.54,4670.87,-1842000,-4591000,NA,13183000,3.5,31000,NA,282344000,NA,1830887,10555506,16301000
598,0,2009,23.96,9176.88,-841000,-1728000,NA,26209000,1.1,28000,NA,303777000,NA,4625514,17170580,24526000
599,1,2010,26.52,11789.22,584000,2264000,NA,22817000,14.72,26800,NA,314621000,NA,2008006,17278116,26900000
600,0,2011,16.39,7305.67,-346000,230000,NA,22033000,4.28,24400,NA,302666000,NA,1717074,11715260,29440000
601,1,2012,22.16,9668.57,-494000,-527000,NA,26761000,7.18,22500,NA,296571000,NA,1746806,15231572,29336000
602,0,2013,36.33,16242.52,-247000,63000,NA,26329000,8.89,18800,NA,274044000,NA,1261560,21622713,25095000
603,0,2014,42.24,18225.77,350000,1699000,NA,18678000,12.39,17500,NA,242116000,357947.4,872244.4,23403884,24373000
604,1,2015,44.11,18067.89,305000,1978000,NA,18485000,13.29,17400,NA,225142000,19346800,787174.4,22374149,22726000
605,1,2005,171.487,2683.3,66778,230227,NA,698792,32.96,2433,NA,12436102,NA,41906.1,5265000,2913152
606,0,2006,197.822,3057.48,39884,203575,NA,786274,26.76,2489,NA,12395027,NA,71445.3,5669296,3096963
607,0,2007,149.967,2296.65,51698,204926,NA,813185,25.72,2562,NA,12748959,NA,123148.3,5635056,3886089
608,0,2008,158.288,2596.26,16934,110525,NA,817267,23.84,2783,NA,14718129,NA,242427.6,6602726,4512326
609,0,2009,122.578,2170.79,51484,167545,NA,789813,21.94,2727,NA,14284153,NA,406032.1,5199658,4317631
610,0,2010,130.249,2316.06,55771,186941,NA,772162,24.73,2720,NA,14143826,NA,202026.4,5319356,4205627
611,0,2011,118.286,2113.95,63532,197185,NA,805663,26.9,2754,NA,14244507,NA,268491.5,4857036,4149945
612,1,2012,9.16,1810.19,66748,210375,NA,797715,27.07,2910,NA,16012646,NA,265542.8,4495542,4362198
613,0,2013,10.21,2038.19,46979,178940,NA,733803,22.89,2908,NA,16156541,NA,281024.8,4900479,3786833
614,0,2014,9.91,2294.09,31062,147234,NA,696132,23.48,2907,NA,18793855,49138.3,459077.1,4505670,3943075
615,1,2015,10.14,2361.27,23938,126895,NA,788049,25.7,2929,NA,21612616,2569015,438836.3,5296797,3567097
616,0,2011,73.65,12970.96,286263,1653635,5696572,11050073,17.16,15000,3622703,40682696,NA,395717.3,24509693,19323915
617,1,2012,62.58,11122.51,30855,899218,5660259,10301079,16.48,14625,3683126,43164754,NA,283874.3,24411430,21432459
618,0,2013,62.83,11203.79,225981,956553,5630848,11390947,14.51,13808,3929691,43344435,NA,341548.9,24482945,22108593
619,0,2014,91.16,16452.66,589597,1549854,6088011,12494921,17.5,13000,4389633,46479503,441539.2,430655.2,28377820,22842304
620,1,2015,69.2,12344.36,-642927,-799661,5801411,11513251,14.35,13579,4067412,44592778,13910370,355565.7,24808886,22713533
621,0,2014,28.55,3618.03,-9601,44842,119821,603521,11.47,320,214363,2453115,104809.6,246089.7,4218287,2197000
622,0,2015,22.77,2817.86,-859,43082,103775,544874,10.65,320,105685,2319263,3300960,242717.3,3576045,2195619
623,0,2004,5.8,10.05,0,1082,-28,0,NA,2,14756,15095,NA,1881,-4167,14765
624,0,2004,3.81,99.8,0,-18523,2222,4935,-388.96,71,52115,56116,NA,59048.8,50064,37988
625,0,2005,2.24,58.97,0,-14520,2152,4250,-353.13,49,35277,37845,NA,36970.4,24306,24621
626,0,2006,2.83,75.43,0,-12915,2586,4750,-284.13,22,21461,23868,NA,40977.7,54948,14958
627,1,2007,3.45,93.4,0,-11959,1136,1798,-649.05,14,12862,14595,NA,32681.2,74804,6288
628,1,2008,0.57,15.53,0,-9741,740,1367,-685.52,4,5127,5898,NA,32122.8,10751,-2433
629,1,2009,32.974,117.38,0,-9128,4658,4758,-175.6,19,25312,25770,NA,22899.8,96595,7094
630,1,2010,6.29,317.52,0,-11556,5090,5344,-221.29,35,95661,96515,NA,151459.3,217524,80754
631,1,2011,8.12,455.01,0,-28675,3728,4163,-692.36,61,94395,96953,NA,166213.7,367432,84495
632,1,2012,10.45,666.37,0,-52421,3159,4144,-1270.32,87,108714,112119,NA,128547.5,570728,100306
633,1,2013,12.24,868.03,0,-46514,2726,4144,-1128.4,102,135458,146627,NA,262470.4,705661,138791
634,1,2014,28.91,2560.94,NA,-100048,-2527,1798,-5591.71,236,291677,311624,527914.9,455281.8,2152117,291598
635,1,2015,9.82,946.04,NA,-157803,10836,39437,-403.35,677,326130,364296,9456839,546158.8,591508,332769
636,1,2004,43.13,12757.85,346200,771300,1028800,1438300,54.68,2500,1022600,1373000,NA,277125.3,12626909,317500
637,0,2005,61.68,18220.27,373900,934700,1243500,1731600,54.26,2900,1051800,1457200,NA,233731,17549575,609400
638,0,2006,69.06,19322.98,506600,1260500,1458200,2037100,53.94,3400,1001900,1497700,NA,377306.2,19056616,467400
639,0,2007,35.86,9266.22,415200,1116700,1632100,2259000,52.28,3600,989100,1714600,NA,969083.2,9683580,-183600
640,0,2008,19.84,4757.63,268200,725900,1187000,1755400,42.48,3900,809100,1553300,NA,1137711,5933858,-244400
641,1,2009,27.11,6411.51,239100,640100,1198800,1795300,39.16,4000,1012900,1810700,NA,1226971,7066479,150100
642,0,2010,26.53,6213.32,201000,711600,1361900,2033000,38.07,4500,1343000,2352400,NA,796533.4,6701552,929900
643,1,2011,34.11,7572.41,261800,833000,1518000,2280700,38.95,6100,1424400,2729700,NA,704778.2,8030781,1074600
644,0,2012,49.47,11026.86,324300,1019200,1841800,2730300,39.91,6800,2525700,3792400,NA,415338.2,11215642,2076300
645,0,2013,77.44,16657.34,353400,1160500,2056700,2972500,41.53,8400,2968800,4246400,NA,425119.4,16865692,2529700
646,0,2014,97.56,20351.01,455000,1451400,2308400,3334300,43.16,9900,2686400,4501200,220191.7,258746.4,20763933,2590200
647,1,2015,101.56,20078.41,430000,1367800,2394700,3484500,42.28,10400,3243100,4985700,14412470,261901.1,21208618,3068000
648,0,2006,58.005,41687.66,843000,2191000,7903000,15184000,17.91,25600,6940000,68700000,NA,543060.9,60260970,45025000
649,0,2007,60.96,25623.91,712000,2079000,6471000,12720000,19.64,17800,4925000,49704000,NA,651141.3,36286540,30878000
650,1,2008,43.95,18536.48,616000,1993000,6517000,13207000,19.13,18250,5273000,53077000,NA,787759.9,32657720,34401000
651,0,2009,52.17,22687.11,758000,1761000,6619000,12719000,20.61,18680,5766000,57040000,NA,718130.7,38072890,37999000
652,1,2010,53.49,23616.69,890000,2094000,7590000,14310000,21.4,18440,6223000,59090000,NA,676548.7,40443490,40588000
653,0,2011,66.18,29363.77,752000,2305000,7578000,14529000,21.36,18249,6880000,62526000,NA,938068,48100000,41544000
654,1,2012,63.01,44366.89,705000,2303000,9767000,19624000,19.24,27885,10122000,113856000,NA,2169811,83804200,77385000
655,0,2009,3.05,145.58,-178106,-708286,NA,-155092,NA,2561,NA,748832,NA,43165.6,466090,651462
656,1,2010,6.94,248.41,-1924,-106550,NA,692494,52.85,1623,NA,880909,NA,29338.3,876542,687210
657,0,2011,3.83,85.78,-277,-16893,NA,302788,-6,494,NA,647907,NA,35494.9,383629,538699
658,0,2012,3.42,47.01,-15609,-53119,NA,173740,-30.57,285,NA,380426,NA,15313.8,233221,279796
659,0,2013,3.59,49.09,-5114,-31216,120665,138630,-30.89,315,NA,352235,NA,1849.8,232807,191615
660,0,2014,2.44,33.94,-34632,-34288,49721,167416,-28.93,319,NA,268355,402.1,1648.2,173400,128705
661,1,2015,3.18,44.12,1829,755,50254,128103,0.16,NA,NA,280729,9107.6,2908.1,173228,116704
662,0,2008,0.77,43.14,0,-4912,19,75,-6869.75,14,3736,4114,NA,12462.1,46494,2705
663,0,2009,0.64,46.03,0,-6387,33,75,-8621.2,17,7794,9989,NA,37459,41436,8100
664,0,2010,1.19,99.71,0,-14022,-3985,75,-13741.21,14,15672,16216,NA,256950.8,79468,10395
665,0,2011,0.37,35.28,0,-11345,-12037,0,NA,15,12163,13690,NA,182252.4,24038,10706
666,0,2012,0.3175,30.27,0,-6227,-42,0,NA,14,13775,14919,NA,60472.6,23436,9534
667,0,2013,0.5166,75.79,0,-9499,-37,0,NA,16,19295,19556,NA,281205.8,56038,12625
668,0,2014,0.71,126.56,0,-18522,-28,0,NA,22,33429,33533,4619.7,1062030,92079,26580
669,0,2015,0.381,75.21,NA,-14385,-27,0,NA,20,24661,24805,98505.8,147907.2,48222,18776
670,1,2008,10.08,2334.45,33300,-24400,838500,5263900,5.62,13800,1308200,4442600,NA,781429.8,3223540,2497100
671,0,2009,16.94,3954.98,-18500,-3900,576900,3976200,3.17,12500,1551800,4564300,NA,1097205,4391644,2995900
672,0,2010,36.24,8245.04,81700,438300,1093500,5652800,9.32,17500,2059900,5249500,NA,875030.6,8906218,3361700
673,1,2011,31.935,7007.84,195300,727700,1412400,7116100,11.11,19250,2137800,5644700,NA,901915.8,7948612,3204300
674,0,2012,35.025,8198.45,238600,718200,1466900,7183200,11.41,19100,2472800,6156700,NA,698774.2,8686617,3969900
675,0,2013,55.83,12729.23,218300,825800,1569700,7434900,12.28,19700,2798500,6659400,NA,220689.3,13095226,4653400
676,0,2014,56.26,12792.03,292600,932800,1756200,8303900,12.71,22000,2970800,7047500,253203.1,384449.5,13055533,4407200
677,1,2015,44.04,9871.34,280400,876000,1711700,8024600,12.75,30000,3135300,8628000,14065640,509712.7,11532612,5756100
678,0,2010,17.24,2419.61,81641,250147,1124456,2508521,18.36,13400,692961,4511567,NA,109969.6,3330811,3603330
679,0,2011,28.64,3648.31,139704,369212,1260373,2887629,17.36,14500,769535,4555043,NA,65745.6,4214806,3570718
680,1,2012,4.37,544.07,-13743,-1529484,1097926,2760967,12.21,24700,837718,2839095,NA,56823.2,1983021,1950032
681,0,2013,10.57,1322,12038,-255938,886790,2498599,7.91,23400,771619,2315293,NA,28984.8,1658466,1523263
682,0,2014,0.2301,29.01,46637,-617280,746536,2272736,5.29,20600,875966,1877036,NA,47836.6,1174116,986713
683,0,2012,NA,NA,-5943,-93082,399402,1285641,-10.43,3300,958439,3029584,NA,NA,NA,2189326
684,0,2013,17.36,2477.15,2347,-108839,513282,1378612,-4.9,3300,971616,2910386,NA,16874.3,2194038,2093401
685,0,2014,20.87,2952.68,6242,-105249,536103,1372316,-5.57,3300,1222099,3007402,91497.6,139359,2440302,1936705
686,0,2015,21.61,2902.22,-19640,-153509,569840,1416059,-7.86,4500,882825,3133516,5674985,253859.3,3059410,1982710
687,0,2004,25.88,85802.75,2186000,6527000,15840000,40787000,14.47,162700,8541000,108844000,NA,2187257,111172770,61735000
688,1,2004,52.25,88014.06,1372000,5166000,15708000,29261000,18.49,153000,8639000,27987000,NA,1045483,87164260,15920000
689,0,2005,59.54,98788.38,2304000,5825000,18236000,32562000,18.19,157000,10454000,31727000,NA,944632.2,98197480,16564000
690,0,2006,62.55,102712.1,1347000,6373000,19213000,35137000,18.33,168000,9130000,29930000,NA,1046967,102499900,17918000
691,1,2007,77.03,123995.3,1973000,7071000,21378000,39474000,18.42,185000,10151000,34628000,NA,1459219,125396150,21437000
692,1,2008,54.07,83977.19,1879000,6647000,22924000,43251000,17.29,198000,10806000,35994000,NA,2002022,90722680,19964000
693,0,2009,61.1,95343.13,2100000,7714000,23070000,43232000,17.98,203000,12571000,39848000,NA,2025407,99810400,24842000
694,0,2010,65.33,103537.6,1894000,7497000,31146000,57838000,15.69,294000,17569000,68153000,NA,1755370,122736890,41475000
695,1,2011,66.54,104029.3,2372000,8834000,34807000,66504000,15.57,297000,17441000,72882000,NA,1990582,126471400,41467000
696,1,2012,68.02,105216.9,2090000,8304000,34107000,65492000,14.39,278000,18720000,74638000,NA,1572198,126908880,45943000
697,0,2013,82.71,126843.9,2104000,8891000,35230000,66415000,15.28,274000,22203000,77478000,NA,1266965,146575590,48722000
698,0,2014,96.73,144766.8,2199000,8757000,35707000,66683000,15.16,271000,20663000,70509000,3918524,1205504,164732400,41369000
699,0,2015,101.45,147797.4,1941000,7442000,34597000,63056000,15.74,263000,23031000,69667000,114180400,1193805,167004920,41243000
700,0,2007,8.2,347.28,NA,NA,NA,NA,NA,NA,NA,NA,NA,67340.4,NA,NA
701,0,2008,0.38,16.31,NA,NA,NA,NA,NA,NA,NA,NA,NA,80839.1,NA,NA
702,0,2009,1.57,67.31,NA,NA,NA,NA,NA,NA,NA,NA,NA,140301.5,NA,NA
703,0,2010,1.95,100.2,NA,NA,NA,NA,NA,NA,NA,NA,NA,79669,NA,NA
704,0,2011,1.64,84.3,NA,NA,NA,NA,NA,NA,NA,NA,NA,53918.8,NA,NA
705,0,2012,2.21,114.58,NA,NA,NA,NA,NA,NA,NA,NA,NA,46754.6,NA,NA
706,0,2013,14.46,755.42,NA,NA,NA,NA,NA,NA,NA,NA,NA,179505.8,NA,NA
707,0,2014,11.51,604.67,NA,NA,NA,NA,NA,NA,NA,NA,8390,158340.7,NA,NA
708,0,2015,16.15,1067.62,NA,NA,NA,NA,NA,NA,NA,NA,1705623,206715.9,NA,NA
709,1,2007,764.155,754.97,31599,89592,NA,613929,14.96,1944,NA,8181353,NA,16458.5,1880136,1225668
710,0,2008,622.524,609.27,-37665,-101115,NA,520563,-18.9,1919,NA,8506687,NA,20442.2,1203729,1220493
711,0,2009,16.2,304.37,-90353,-318680,NA,461617,-50.92,1801,NA,7930676,NA,29315.1,730419,1216809
712,0,2010,10.7,202.22,-85492,-432292,NA,390825,-56.73,1763,NA,7276259,NA,45617.5,570908,840786
713,1,2011,6.93,288.37,-3983,-230729,NA,348299,-67.44,1706,NA,6983420,NA,138316.2,816221,705661
714,0,2012,9.26,392.66,1050,34906,NA,328532,12.66,1553,NA,6802259,NA,51199.6,891427,706335
715,0,2013,17.78,804.19,-238188,34952,NA,302438,11.56,1472,NA,7166901,NA,71740.8,1438086,1075267
716,0,2014,19.28,967.32,39450,107070,NA,308432,36.16,1506,NA,7351483,70112.7,88271.8,1482328,1144992
717,0,2015,19.97,1427.3,43436,115014,NA,352355,38.12,1883,NA,9428495,1574209,79849.8,1937635,1614030
718,0,2008,29.2,3010.55,76321,213913,287196,5194482,4.17,43000,2105250,3550304,NA,220971.1,2692344,1839717
719,1,2009,28.15,3169.99,77002,255331,351203,6119465,4.32,43200,2214535,3698742,NA,305201.1,2917189,1896507
720,1,2010,28.02,3321.39,91696,320130,430271,6545791,4.89,48100,2946499,5137879,NA,170764.3,3164543,3053155
721,0,2011,20.35,2347.46,100100,339400,488700,8037400,4.96,45000,2990000,5706300,NA,232423.1,2762053,3539800
722,0,2012,23.94,2587.4,74416,-31167,421859,8218180,4.15,46800,3147293,5537620,NA,234853.3,2795968,3131629
723,1,2013,29.51,2897.76,92578,311455,449588,8153495,4.26,45500,3131602,5522145,NA,187101.7,3626031,3163154
724,0,2014,30.89,4751.55,82024,256864,403176,8356783,3.86,43300,3434113,6005339,349844.8,303292.7,3776811,3212045
725,0,2015,30.89,4676.99,-80237,-257715,535188,17989880,2.34,92000,6246085,14014298,10816840,362538.9,8233403,8077470
726,0,2008,2.5,55.39,562,2422,4488,32091,5.41,NA,20725,29657,NA,17.4,14091,20532
727,0,2009,6.6,172.66,1219,18730,22511,40938,46.4,1200,42485,54170,NA,12436.1,48797,38165
728,0,2010,9.37,291.71,4531,42627,52181,109218,38.75,1400,64864,129162,NA,164788.6,316045,94964
729,0,2011,2.52,82.91,7518,49918,61137,223851,21.89,1600,66792,227352,NA,132314.8,245580,165977
730,0,2012,1.93,72.37,3036,25053,39836,143558,15.9,1330,73648,276558,NA,52426.7,124530,215854
731,0,2013,1.68,70.67,5546,43051,61563,198983,22.27,1364,95858,322597,NA,217268.7,181924,256555
732,0,2007,32.6,598.57,12549,31800,97478,206601,20.48,364,31591,765465,NA,24136.9,856204,453269
733,0,2008,27.5,506.74,13198,34595,106086,220347,20.92,379,31961,848505,NA,31574.1,784793,470954
734,0,2009,22.74,420.66,10280,25451,106920,216097,18.36,375,28010,877390,NA,14600.9,669880,499635
735,0,2010,26.68,494.67,16740,41146,110707,215638,19.32,375,38027,934651,NA,8881.2,790166,550736
736,1,2011,23.94,445.1,14566,35444,115709,238955,22.76,385,68915,1038810,NA,9492.2,757476,607852
737,1,2012,26.23,489.28,15542,37860,121162,261547,21.14,385,42911,1087499,NA,6233.1,850405,610202
738,0,2013,29.91,603.05,14135,36519,196284,276869,19.29,379,39652,1109986,NA,9189,956493,656172
739,0,2014,32.87,665.23,24971,76777,216634,319668,29.05,395,68093,1269304,8139,11560,1047363,744520
740,0,2015,30.61,623.89,23272,61154,225391,305082,26.21,399,73376,1340963,224768.8,14275.6,1018002,764608
741,0,2004,275.784,57109.75,1197000,3367000,4048000,30752000,13.16,129000,9369000,53902000,NA,2111476,57646920,36613000
742,0,2005,238.486,46493.61,1241000,3504000,4107000,31944000,12.86,133000,8845000,53158000,NA,1854418,60799736,37989000
743,1,2006,338.144,70885.94,1890000,4974000,5478000,34285000,15.98,133000,9562000,59998000,NA,2669835,76547240,44298000
744,0,2007,32.42,61710.91,2874000,7240000,6781000,35510000,19.1,137000,11314000,60928000,NA,2532357,80551058,44214000
745,1,2008,21.47,39741.52,2673000,6821000,7404000,37843000,19.57,150000,11666000,62497000,NA,3737928,72922975,45018000
746,0,2009,32.38,60389,2049000,5081000,5697000,36149000,15.76,144000,11889000,63117000,NA,3480843,60676943,47146000
747,0,2010,37.6,71198.63,2314000,6187000,6726000,38063000,17.67,149000,12225000,69206000,NA,3034697,75047646,49696000
748,0,2011,37.71,67746.44,2785000,7458000,7781000,40893000,19.03,156000,13757000,72124000,NA,2981686,66295952,50663000
749,0,2012,49.15,87099.75,3087000,8633000,8863000,42278000,20.96,166000,13709000,74898000,NA,2226220,107511000,52939000
750,0,2013,74.35,130653.6,2984000,8932000,9450000,45041000,20.98,175000,14109000,81241000,NA,1956521,130533000,61200000
751,0,2014,95.5,161940.3,4242000,11392000,11540000,48813000,23.64,180000,15176000,84186000,1750315,1689051,165075000,60854000
752,0,2015,107.08,177022.1,5016000,13054000,13224000,52465000,25.21,185000,16758000,88182000,154391200,2098901,181445000,61428000
753,0,2007,NA,165440.8,1470260,5673980,9944901,16593986,30.64,16805,17289138,25302587,NA,2727468,202406285,22689679
754,1,2008,NA,71242.13,1626738,5853596,13174044,21795550,30.43,20222,20178182,31767575,NA,3200453,81107199,28238862
755,0,2009,NA,150513.7,1860741,8381189,14481743,23325858,34.24,19835,29166958,40234167,NA,1776455,172422055,36004224
756,1,2010,NA,149292.5,2291000,10796000,18701000,29118000,34.95,24400,41562000,57586000,NA,1602423,158991426,46241000
757,1,2011,NA,164454.6,2589000,12326000,24674000,37862000,32.22,32467,52758000,72574000,NA,1551836,169090527,61131000
758,0,2012,NA,185472.3,2598000,13386000,29541000,50175000,25.43,53861,60454000,93798000,NA,1299377,190269372,74703000
759,0,2013,NA,309485.4,2282000,14496000,34001000,59825000,23.55,47756,72886000,110920000,NA,1050475,323675281,89545000
760,0,2014,NA,153034.4,3331000,17259000,40688000,66001000,25.57,53600,80685000,131133000,14519290,530168.6,300930074,107728000
761,1,2015,793.96,227517.1,3303000,19651000,46825000,74989000,25.82,61814,90114000,147210000,341282000,546108.3,466289617,122326000
762,0,2007,9.35,1128.25,-9130,44067,59819,222622,-6.48,871,449584,635799,NA,622847,945587,492529
763,0,2008,2.71,459.35,3807,-33366,-5251,192655,-13.27,742,73850,952720,NA,995112.3,842810,763106
764,0,2009,6.29,1499.58,-7680,60146,91598,312548,21.7,656,166463,1008308,NA,2404776,1598110,868766
765,0,2010,11.34,2907.13,-123532,-74549,175990,421813,36.19,686,432021,1282421,NA,2674073,2840883,966045
766,0,2011,5.23,1462.42,81978,233142,233308,477634,43.42,735,362744,1308062,NA,2459081,1226064,1146378
767,0,2012,5.63,1607.37,8879,23833,93778,321143,19.76,735,282898,1291925,NA,1350310,1497179,1149886
768,0,2013,2.97,1017.64,-9795,-34925,28496,382589,-1.95,1312,343635,2153339,NA,1465924,1396723,1831477
769,0,2014,2.74,1006.61,-5240,12584,65534,500781,4.31,1354,316359,2163141,493651.4,1614473,1339527,1909103
770,0,2015,1.93,729.76,56310,-30658,16553,443567,-7.45,1404,269533,2185336,3733603,1455623,1087811,1847966
771,1,2007,373.905,18735.2,890000,2341000,5077000,7800000,33.96,6200,1396000,30734000,NA,2238535,31762610,23080000
772,0,2008,147.557,9374.83,463000,1186000,8450000,11629000,36.84,7600,4292000,38444000,NA,5302751,21677979,30481000
773,1,2009,252.832,17313.22,-3483000,-9288000,5029000,7702000,29.3,8200,2446000,29914000,NA,4271169,29420750,24636000
774,1,2010,247.346,17099.87,1110000,2657000,6651000,9366000,28.71,10000,3266000,37179000,NA,3673692,31601140,27904000
775,0,2011,214.998,14985.11,1123000,2724000,7472000,10870000,16.24,12600,3177000,41835000,NA,3226297,29285591,28559000
776,1,2012,156.637,11006.69,-380000,-871000,7736000,12316000,13.81,12000,2948000,41611000,NA,5392134,28733997,30176000
777,0,2013,260.021,18283.54,548000,1668000,12579000,17377000,14,10800,3656000,41782000,NA,2993423,35225126,31044000
778,1,2014,20.01,13308.86,1144000,3280000,15379000,19933000,12.99,5500,7468000,40751000,2820966,2553140,23875367,29379000
779,0,2015,4.58,3046.02,-4463000,-19002000,6746000,12140000,-5.91,4400,2480000,17357000,59948930,5338513,15872110,12773000
780,0,2006,24.55,755.6,8250,-309524,443189,1498035,3.15,6000,655758,1490451,NA,46397.4,1275768,934247
781,0,2007,25.06,775.23,13300,14490,470612,1602237,5.07,5700,591085,1500042,NA,87381.4,1282755,1067385
782,0,2008,14.58,452.52,12950,51501,513656,1755694,5.16,6100,551058,1314473,NA,97839.1,929983,940649
783,0,2009,25.86,806.7,6100,47279,518919,1693136,5.41,5900,528464,1359501,NA,61249.5,1042010,973471
784,0,2010,30.72,962.07,12700,38041,532926,1722081,5.34,6300,526159,1280400,NA,55294.6,1169670,890501
785,0,2011,15.38,473.16,9700,5587,546284,1798050,5.37,6200,528770,1281054,NA,52925.2,715400,886965
786,0,2012,15.96,509.66,18243,9974,476564,1455461,2.13,6200,567949,1262294,NA,41177.4,714968,850364
787,0,2013,22.91,708.42,12660,-38340,402010,1352359,-1.8,5400,419539,1091693,NA,50476.7,757687,701993
788,0,2014,17.11,530.91,5550,-66006,370537,1270163,-2.99,5200,395342,963118,21867.7,43610.5,519174,584699
789,1,2004,204.477,11489.68,906300,2671600,4062700,54618600,5.45,19797,5264400,19391600,NA,1281632,15231304,11699200
790,0,2005,471.351,31915.1,1697000,5246000,6713000,82162000,6.67,22068,8276000,32728000,NA,2069632,36838990,20206000
791,0,2006,467.332,30932.24,2726000,8151000,9411000,91833000,8.72,21836,10760000,37753000,NA,3066088,34400537,23262000
792,1,2007,644.454,38833.25,2161000,6726000,8306000,95327000,7.26,21651,14792000,42722000,NA,2953305,41949299,24977000
793,0,2008,190.276,10748.6,1467000,336000,5654000,119114000,3.63,21765,9450000,34417000,NA,3388497,16675809,21884000
794,0,2009,153.463,9481.06,-97000,-449000,1446000,68144000,0.25,20920,10923000,35629000,NA,3358876,15911771,21888000
795,1,2010,213.295,13221.01,575000,1498000,6408000,82233000,2.33,20313,13518000,37621000,NA,2695972,15307132,22540000
796,1,2011,189.545,11614.33,1226000,3322000,9063000,125987000,3.24,21942,15974000,42785000,NA,3087449,18455896,23177000
797,0,2012,302.359,18322.17,1626000,3706000,10336000,139250000,3.56,NA,16460000,44477000,NA,2492012,24077484,24558000
798,1,2013,48.67,26260.49,1254000,3982000,9293000,138074000,3.05,NA,19277000,47260000,NA,2173683,29650701,26207000
799,0,2014,50.01,26067.45,1777000,5552000,11783000,130844000,5.1,NA,16614000,45550000,3336489,1925196,28570787,27024000
800,0,2015,71.09,34230.07,1870000,5971000,11782000,87804000,7.78,NA,14972000,44343000,101440500,1688691,37391615,28604000
801,1,2004,17.7,857.41,21592,57206,487671,1165980,13.72,1970,900342,3581159,NA,41639.2,1940658,1796659
802,0,2005,17.91,869.74,25861,71029,458106,1359607,10.95,1985,1770368,4834385,NA,48406.7,2043444,1900771
803,0,2006,25.31,1246.37,42090,115223,523445,1506311,13.27,1995,1032274,3950573,NA,85226.3,2391105,1980103
804,1,2007,21.57,1140.28,24334,58073,479733,1417757,9.93,2117,332185,3072336,NA,89329.2,2166740,1548858
805,1,2008,18.51,1007.52,45625,113553,528589,1676763,11.03,2127,482227,3515742,NA,98882.3,2152261,1919544
806,0,2009,22.21,1216.65,46323,131893,589843,1512565,13.27,2435,418923,3606959,NA,96491.9,2373010,2173143
807,1,2010,22.66,1282.2,51157,142752,644650,1558740,14.77,2499,579565,3940095,NA,73725.9,2474850,2324952
808,0,2011,26.03,1515.35,56632,157946,716132,1619780,14.55,2809,614556,4214531,NA,98851.6,2782170,2491860
809,1,2012,23.72,1417.6,41261,116006,727473,1547002,12.29,3179,505794,4313179,NA,72439.3,2769087,2583825
810,0,2013,28.15,1690.02,63230,175524,795730,1618505,15.1,3310,549679,4290502,NA,73866.3,3203026,2705559
811,0,2014,37.27,2319.66,72240,192106,664138,1472562,17.15,1874,395347,4611919,147614.1,93833.4,3832210,3026851
812,0,2015,36.06,2246.79,67449,185619,683618,1484776,17.05,1874,306046,4805409,2658439,81026.1,3922294,3059945
813,1,2007,130.867,593.14,29658,77899,NA,220748,35.1,1677,NA,476307,NA,182678.6,752733,398659
814,0,2008,102.967,472.03,28384,73746,NA,263275,27.99,2032,NA,657840,NA,133764.3,771682,543811
815,0,2009,153.333,712.62,28397,72703,NA,281091,25.86,2213,NA,794433,NA,98298.4,996337,643978
816,0,2010,255.767,1309.16,47004,120875,NA,372706,32.41,2473,NA,995908,NA,92742.3,1558964,794074
817,1,2011,226.933,1165.42,66319,167463,NA,458935,36.24,2641,NA,1071123,NA,77256.2,1369268,824816
818,0,2012,34.85,1765.02,80934,207033,NA,592801,34.92,3200,NA,1288956,NA,81139.1,2122424,1046338
819,0,2013,51.63,2568.57,106146,283065,720735,735135,39.37,3543,NA,1599871,NA,65606,2923322,1311256
820,0,2014,58.9,2949.68,124508,301013,737428,879169,34.9,3900,NA,2772625,205818.9,111878.4,4342495,2227437
821,0,2015,36.98,1782.67,89391,257522,766508,937118,26.68,3799,NA,2983638,6791694,134058,3339882,2420068
822,0,2004,184.359,1048.45,9581,-51813,437884,2216905,-2.87,4989,1330408,1874357,NA,65831.1,660201,1155738
823,0,2005,13.967,848.7,11898,-29333,513540,2468522,-3.31,5951,1263510,1977590,NA,67011.4,670415,1291928
824,1,2006,155.877,741.32,2576,-204087,416020,2226422,-5.6,3000,1243171,1762839,NA,81263.4,959634,969071
825,0,2007,9.796,418.48,3605,-125661,317681,2012739,-9.14,2360,803137,1367311,NA,85116.1,411313,747373
826,1,2008,0.429,18.63,9923,-210889,340459,1877990,-8.82,1850,575983,1000675,NA,94510.1,-40639,459485
827,1,2009,19.068,74.92,-4521,-109581,315771,1538610,0.32,1400,376620,559620,NA,89784.1,-63598,228460
828,0,2010,102.766,404.29,5275,27528,256894,1401449,1.89,1200,381114,517795,NA,182940.6,226584,220020
829,0,2011,63.633,190.52,-5538,19533,264970,1555477,1.06,1370,434434,566371,NA,80559.1,309271,233354
830,0,2012,66.532,200.05,-42756,-6986,220709,1506836,0.55,1280,288658,419370,NA,32017.7,98455,132441
831,0,2013,151.247,387.31,15872,33950,250134,1620617,1.51,1320,290304,415407,NA,40294.4,311933,95760
832,0,2014,170.069,439.59,3982,24992,267957,1651541,1.73,1570,338865,464683,8981.8,27654.2,150256,107517
833,0,2015,100.218,260.59,6088,92203,249996,1596777,1.44,1250,341188,473201,236375.6,35460.6,162839,134940
834,1,2006,17.14,88822.69,1429000,4837000,10562000,14380000,34.48,56133,11974000,29013000,NA,11007200,72688040,20747000
835,0,2007,22.97,117987.3,1712000,6057000,12927000,17996000,34.08,74674,12883000,34525000,NA,8421626,99546660,23154000
836,1,2008,17.22,86895,2313000,7894000,16237000,22430000,35.71,84233,18103000,46908000,NA,10623390,117819000,33260000
837,1,2009,25.01,125330.6,2241000,7918000,16745000,23252000,36.79,86000,18581000,47271000,NA,8464533,95661950,34327000
838,1,2010,31.5,159151.1,2108000,8338000,19083000,26820000,36.68,105000,27004000,60311000,NA,7957844,110023820,42709000
839,1,2011,25.8,129666.4,2864000,11508000,24796000,35622000,35.73,108000,39174000,72459000,NA,7900262,160969960,55017000
840,0,2012,33.02,156326.3,2981000,13081000,26833000,37121000,37.87,115000,40023000,77732000,NA,6696916,116032350,57611000
841,1,2013,37.98,170811.5,2973000,13898000,27682000,37180000,38.82,120000,41692000,81046000,NA,5801634,143716880,63639000
842,1,2014,45.61,200290.1,2749000,13704000,28739000,38275000,39.15,122000,48138000,89507000,1778136,3823433,173494280,70114000
843,0,2015,37.04,155613.1,2896000,12834000,28545000,38226000,37.38,132000,63183000,110108000,81126220,3754726,175921070,88076000
844,1,2008,7.64,568.64,118100,190400,1206000,7138300,8.15,14000,2152400,6081500,NA,371498.3,3665084,4072400
845,0,2009,37.52,3357.2,-19700,-1191500,717400,5295200,3.93,12300,2143200,4768000,NA,529066.4,4276005,2539500
846,0,2010,35.24,3197.73,414300,1211500,2019100,9842400,14.43,12400,2215900,4708600,NA,336031.6,3456415,2413200
847,1,2011,21.34,1950.94,143600,416500,1166000,7584700,6.77,13100,2454600,4826900,NA,373803.1,2068325,2616600
848,0,2012,28.57,2557.21,57400,286700,1042500,8180900,4.53,13200,2694500,4947800,NA,213727.4,2925330,2808500
849,1,2013,49.9,4226.13,131700,445000,1137500,7665100,6.75,11900,2553400,4765700,NA,214127.8,4459763,2997800
850,0,2014,49.28,3850.17,125000,431900,1127400,6808200,7.39,12000,2384300,4586700,69524.1,177088.1,4102973,2860000
851,0,2015,39.84,2980.42,99200,326100,986000,6098100,6.54,13300,2429300,4613000,5428635,258464.1,3796082,2766100
852,0,2007,50.74,42157.06,1776000,4625000,19813000,63367000,8.32,366000,18906000,44560000,NA,2040772,62303987,30433000
853,0,2008,32.39,24382.54,1322000,3536000,17356000,64948000,6.78,351000,17488000,44106000,NA,3188203,42354240,31202000
854,0,2009,48.58,36547.34,1384000,3872000,19272000,65357000,7.28,351000,18424000,44533000,NA,2588898,53486921,30268000
855,0,2010,59.89,42407,1575000,4495000,18755000,67390000,7.84,355000,17213000,43705000,NA,1516078,53033477,30942000
856,1,2011,51.68,34708.11,1527000,4456000,19471000,69865000,7.68,365000,16449000,46630000,NA,1831524,51107111,29518000
857,0,2012,58.57,38117.02,1610000,4609000,20591000,73301000,7.11,361000,16388000,47957000,NA,1247438,56911754,31212000
858,0,2013,62.15,39284.24,1132000,3103000,19213000,72596000,5.29,366000,11573000,44084000,NA,1186353,48936197,28853000
859,0,2014,75.53,48109.89,1204000,3653000,19211000,72618000,6.25,347000,14087000,41404000,740904.1,1369676,57712152,26702000
860,1,2015,74.44,45858.86,1602000,4923000,19575000,73785000,6.65,341000,14130000,40262000,55255630,1267409,52327244,24902000
861,1,2006,32.13,5867.54,112430,549719,748814,3381549,7.17,7253,914496,5155336,NA,580555.8,6332732,1694555
862,0,2007,71.76,13020.55,136137,422406,774255,3378560,5.78,7728,683155,5833279,NA,698558.2,13913672,1866462
863,0,2008,27.85,5046.24,239934,714455,954374,4269335,8.87,8176,983814,7036915,NA,1320414,6282214,2142697
864,1,2009,51.08,9236.91,221203,772638,924712,4120788,8.64,8012,941036,7300104,NA,963263.5,10033307,2447387
865,0,2010,48.69,10996.36,109287,446485,1131593,5012799,10.52,8630,1115006,11585764,NA,1109959,14624783,6122151
866,0,2011,36.15,8199.59,155456,763290,1549338,5732086,13.92,9157,1897977,12017976,NA,949284.3,11001965,6788308
867,1,2012,31.76,7234.3,109201,470226,791777,5020024,6.12,8896,1539094,12226324,NA,968041.6,10422554,7128331
868,0,2013,38.39,8789.06,-33189,46075,337345,3120722,2.77,4633,1445592,11393667,NA,617690.8,11720761,8169848
869,0,2014,35.02,8060.89,14347,183124,1150428,3476100,7.23,3834,1166350,11759530,312331.9,625962.9,11051616,8605336
870,0,2015,8.24,1887.4,-134425,-498900,507664,2500981,-0.66,3114,804763,10929902,12314060,1545274,5741779,7603981
871,0,2004,22.235,2429.97,101137,291359,2175703,3938320,8.5,37000,808925,3022843,NA,280000.7,3592503,2259358
872,0,2005,23.525,2394.09,62301,197789,2154006,3935480,7.98,35000,608298,2858709,NA,371359.1,3317383,2002631
873,0,2006,27.715,2803.32,152878,458710,2230019,4191300,7.71,36300,728506,3277042,NA,292064.3,3968638,2397888
874,0,2007,26.09,2609.42,104550,318430,2528048,4751005,7.79,39900,774847,3608657,NA,237060.6,3897005,2736169
875,1,2008,17.85,1677.01,123378,357012,2695601,5022417,8.17,39500,789417,3742462,NA,326734.9,3078269,2761246
876,0,2009,31.2,2840.44,170475,474722,NA,5202379,10.01,39900,796197,3964463,NA,194087.6,4144175,2945975
877,0,2010,42.85,3852.6,152302,428097,NA,5568185,10.16,49700,1331116,7527936,NA,338932.2,8374137,6147634
878,0,2011,38.16,3404.34,247466,696336,NA,7500198,11.96,46500,1364905,7665245,NA,305255.1,7635943,6216812
879,0,2012,47.38,4258.71,274616,763663,6652710,6961400,13.61,46000,1407496,8200843,NA,223427.3,8711983,6727683
880,0,2013,80.15,7292.02,315309,869332,6946466,7283822,13.1,47000,1432329,8311723,NA,191164.2,11548952,6728098
881,0,2014,111.63,10234.35,324671,929667,7689702,8065326,13.29,68700,1615138,8974443,691471.4,226041.3,14524303,7240847
882,0,2015,121.4,11143.8,395203,1145901,8644833,9043451,13.75,72600,1718304,9634113,23513490,192730.1,15436266,7938973
883,0,2013,68.95,48678.21,1261000,3798000,12606000,24598000,21.94,27948,10516000,114779000,NA,749885.4,88113060,79560000
884,1,2014,86.83,61414.03,1669000,4004000,12392000,23925000,22.25,28344,11575000,120709000,765723.4,783842.3,99549780,78112000
885,1,2015,72.37,49814.45,1326000,4068000,12458000,23459000,23.24,29188,8322000,121156000,36279460,877299.9,91485320,77266000
886,0,2007,163.511,8729.23,3000,574000,1241000,5426000,9.68,243,NA,11812000,NA,1208655,14293104,11021000
887,0,2008,66.344,3542.88,-3000,430000,1046000,5288000,7.22,215,NA,11951000,NA,2480449,9656521,11328000
888,0,2009,11.89,7506.14,-39000,-255000,374000,4158000,-6.76,186,NA,12555000,NA,3829100,11945321,11383000
889,0,2010,17.78,11840.32,-31000,-158000,499000,4437000,-3.7,203,NA,12411000,NA,2495918,16615972,11808000
890,0,2011,14.75,10416.95,-1000,-17000,622000,4998000,-0.74,219,NA,13068000,NA,2207334,15499327,12224000
891,0,2012,15.38,11146.66,31000,42000,746000,5286000,1.68,233,NA,12994000,NA,1907020,16504482,12150000
892,0,2013,19.35,14634.06,21000,248000,855000,5166000,9.91,242,987000,12814000,NA,1683169,18763312,12211000
893,1,2014,30.46,25396.47,1277000,3386000,NA,12242000,23.7,11000,NA,75707000,53902.7,227002.7,40437550,35334000
894,1,2015,30.69,25590.12,1317000,3531000,NA,13228000,23.73,12000,NA,84135000,31425410,1119401,37374858,36106000
895,1,2005,30.42,16786.85,-90000,1247000,3082000,13074000,13.81,50000,3451000,21135000,NA,481904.2,24762879,14567000
896,1,2006,36.77,19672.42,325000,1554000,3442000,13363000,15.37,48000,3182000,20600000,NA,596220.9,27417557,13992000
897,1,2007,33.22,16887.24,540000,1784000,3649000,13310000,16.66,47400,2480000,20175000,NA,779804.4,24637267,14110000
898,1,2008,30.83,15124.29,669000,1801000,2831000,13388000,16.48,45900,2335000,20227000,NA,989000.1,24390798,13676000
899,1,2009,34.1,16697.12,413000,1475000,3384000,11791000,17.13,43400,3010000,21154000,NA,844713.5,24461041,14715000
900,1,2010,36.8,17509.46,629000,1652000,3497000,12515000,16.27,42800,2482000,21476000,NA,650867.3,26212974,15265000
901,1,2011,32.78,15089.61,511000,1551000,3608000,13378000,15.38,44300,2379000,22569000,NA,1032364,24877026,15515000
902,1,2012,33.46,15522.05,443000,1349000,3473000,13649000,14.66,43500,2423000,23097000,NA,818397.1,25704790,15848000
903,1,2013,44.91,21071.14,364000,528000,4719000,13983000,14.8,42700,2499000,22603000,NA,547165.8,31120075,15502000
904,1,2010,7.76,11795.79,2000,-1063000,4742000,7806000,13.36,25000,3615000,22128000,NA,5967311,16682305,16230000
905,0,2011,5.33,7896.42,201000,642000,4673000,7622000,14.73,24000,3105000,21259000,NA,4904111,11664957,15610000
906,0,2012,5.58,7661.24,-39000,-4107000,4513000,7249000,13.17,24000,3022000,17100000,NA,3421870,11759228,11122000
907,1,2013,12.06,16102.76,-102000,-223000,4419000,7143000,12.7,23000,3011000,16529000,NA,4299789,19771999,10776000
908,0,2014,13.23,17549.45,-390000,-509000,4750000,7380000,14.3,24000,3606000,17003000,327763.8,3033344,20982739,10316000
909,0,2015,18.74,25208.96,-411000,-650000,4770000,7477000,14,25000,3471000,18093000,21513280,2561395,30019180,11994000
910,1,2007,329.509,62092.82,2336000,6809000,18456000,46482000,18.78,86400,12451000,133830000,NA,3167725,99556430,100162000
911,0,2008,190.977,34618.75,-3247000,-18657000,18980000,46984000,18.62,87000,16602000,113896000,NA,3467355,72815280,83623000
912,1,2009,282.339,34385.13,1194000,3346000,11078000,25785000,19.17,31000,13007000,65730000,NA,3726404,44576980,49083000
913,0,2010,306.786,35497.5,1348000,3913000,11601000,26888000,20.44,31000,13138000,66524000,NA,2141454,48142830,49468000
914,0,2011,348.778,36412.13,1484000,4406000,12394000,28974000,20.55,34000,13432000,67801000,NA,2198923,51110360,49455000
915,0,2012,449.921,44435.99,1526000,4588000,12547000,28729000,21.63,34000,13288000,68304000,NA,1784100,61529560,49000000
916,0,2013,667.644,63004.83,1749000,5455000,13314000,29795000,22.99,34000,12844000,67994000,NA,1336768,80702400,50003000
917,1,2014,86.32,72378.06,785000,4832000,11282000,27359000,22.27,25600,13180000,63259000,864858.9,1522188,90945440,45852000
918,0,2015,64.84,51838.28,1651000,5569000,11775000,28118000,24.76,24800,12513000,63848000,51948180,1213381,72999650,47242000
919,1,2004,67.86,15322.04,365908,1377684,4480929,10123724,16.88,14400,3108118,27564364,NA,273015.2,22019991,15842334
920,1,2005,68.86,15547.82,559284,1526851,4389955,10106247,17.73,14100,4056294,30116048,NA,281241.5,23397941,17202169
921,0,2006,92.32,19097.4,443044,1482398,4592489,10932158,16.51,13800,3325434,31082731,NA,279761,27395531,17539420
922,1,2007,120.74,23626.63,514417,1646090,5417932,11484398,17.91,14300,3958247,33643002,NA,375355.9,33242874,18122406
923,0,2008,81.71,15470.14,602998,1835248,5772173,13093756,17.44,14669,5160389,36616818,NA,471520.9,26411185,19795003
924,1,2009,83.26,15730.49,632740,1891583,5394531,10423650,19.63,15000,4534161,37364597,NA,374690.4,25885681,19984674
925,0,2010,71.08,12859.44,617239,1887544,5858562,11267577,18.62,15000,4339083,38630753,NA,379676.9,23235142,20166373
926,0,2007,85.39,3394.51,92894,244486,510907,869508,27.84,6600,349823,540953,NA,119074.9,3224062,220558
927,0,2008,91.45,3538.38,126793,329765,631564,1015333,32.29,8580,431045,623859,NA,380875.6,3451927,337851
928,0,2009,96.62,3569.63,191094,491357,869359,1319194,37.05,9800,390962,610289,NA,309102,3277321,306585
929,0,2010,63.74,2034.39,239969,614135,1058674,1596529,38.43,11100,414097,652966,NA,278481.9,1747082,278070
930,0,2011,57.56,1534.72,200401,508153,946884,1499949,33.81,10000,456288,695551,NA,187784.2,1255190,318799
931,1,2012,17.45,407.01,89949,230414,747986,1287209,19.77,9800,384965,616118,NA,116893.9,296804,266954
932,0,2013,34.89,815.38,-10212,-37236,585958,1072311,14.83,9500,434616,738527,NA,158168.3,842588,186987
933,0,2014,10.04,235.42,20397,49650,501001,961783,10.16,8900,291414,681119,12790.8,221478.7,376935,373571
934,0,2015,3.81,90.2,16102,39400,459216,849826,13,8400,243098,592197,257089.8,177144.6,186038,283565
